ZoneID0,AgeID,LmaID,Val
101000,1,3,56321
101000,2,3,38882
101000,3,3,15635
101000,4,1,11946
101000,4,2,13966
101000,4,3,16558
101000,4,4,194
101000,4,5,627
101000,4,6,5254
101000,4,7,28571
101000,4,8,580
101000,5,1,41681
101000,5,2,10357
101000,5,3,9352
101000,5,4,256
101000,5,5,3673
101000,5,6,7663
101000,5,7,17162
101000,5,8,1657
101000,6,1,151405
101000,6,2,23224
101000,6,3,5609
101000,6,4,5293
101000,6,5,11167
101000,6,6,27314
101000,6,7,7345
101000,6,8,12195
101000,7,1,30665
101000,7,2,7267
101000,7,3,169
101000,7,4,9151
101000,7,5,2976
101000,7,6,6534
101000,7,7,219
101000,7,8,3667
101000,8,1,3462
101000,8,2,3085
101000,8,3,47
101000,8,4,29941
101000,8,5,248
101000,8,6,969
101000,8,8,1439
101000,9,1,148
101000,9,2,569
101000,9,3,11
101000,9,4,22407
101000,9,5,5
101000,9,6,152
101000,9,8,490
101000,10,1,2
101000,10,2,28
101000,10,4,6011
101000,10,6,86
101000,10,8,33
147000,1,3,8506
147000,2,3,6421
147000,3,3,2753
147000,4,1,1456
147000,4,2,2260
147000,4,3,2579
147000,4,4,32
147000,4,5,80
147000,4,6,604
147000,4,7,4005
147000,4,8,92
147000,5,1,5572
147000,5,2,1292
147000,5,3,1081
147000,5,4,33
147000,5,5,410
147000,5,6,624
147000,5,7,2011
147000,5,8,193
147000,6,1,23805
147000,6,2,2931
147000,6,3,646
147000,6,4,823
147000,6,5,1351
147000,6,6,2650
147000,6,7,840
147000,6,8,1814
147000,7,1,6526
147000,7,2,1277
147000,7,3,38
147000,7,4,1570
147000,7,5,477
147000,7,6,816
147000,7,7,39
147000,7,8,782
147000,8,1,815
147000,8,2,672
147000,8,3,12
147000,8,4,6609
147000,8,5,49
147000,8,6,143
147000,8,8,365
147000,9,1,47
147000,9,2,224
147000,9,3,7
147000,9,4,6884
147000,9,5,1
147000,9,6,18
147000,9,8,152
147000,10,1,4
147000,10,2,21
147000,10,4,2229
147000,10,6,8
147000,10,8,19
151000,1,3,4662
151000,2,3,4068
151000,3,3,1747
151000,4,1,657
151000,4,2,649
151000,4,3,903
151000,4,4,18
151000,4,5,67
151000,4,6,340
151000,4,7,1300
151000,4,8,14
151000,5,1,1391
151000,5,2,285
151000,5,3,265
151000,5,4,34
151000,5,5,144
151000,5,6,250
151000,5,7,420
151000,5,8,37
151000,6,1,10784
151000,6,2,1611
151000,6,3,262
151000,6,4,776
151000,6,5,585
151000,6,6,1004
151000,6,7,344
151000,6,8,564
151000,7,1,3801
151000,7,2,772
151000,7,3,5
151000,7,4,1312
151000,7,5,249
151000,7,6,292
151000,7,7,10
151000,7,8,238
151000,8,1,348
151000,8,2,330
151000,8,3,5
151000,8,4,3644
151000,8,5,26
151000,8,6,32
151000,8,8,104
151000,9,1,7
151000,9,2,64
151000,9,3,2
151000,9,4,4123
151000,9,6,6
151000,9,8,39
151000,10,1,1
151000,10,2,8
151000,10,4,1434
151000,10,6,1
151000,10,8,3
153000,1,3,3473
153000,2,3,2904
153000,3,3,1257
153000,4,1,507
153000,4,2,507
153000,4,3,651
153000,4,4,12
153000,4,5,54
153000,4,6,283
153000,4,7,1067
153000,4,8,22
153000,5,1,1217
153000,5,2,304
153000,5,3,202
153000,5,4,27
153000,5,5,154
153000,5,6,277
153000,5,7,319
153000,5,8,51
153000,6,1,7230
153000,6,2,1446
153000,6,3,268
153000,6,4,567
153000,6,5,685
153000,6,6,1169
153000,6,7,306
153000,6,8,508
153000,7,1,2350
153000,7,2,599
153000,7,3,8
153000,7,4,898
153000,7,5,232
153000,7,6,407
153000,7,7,12
153000,7,8,194
153000,8,1,260
153000,8,2,209
153000,8,3,1
153000,8,4,2965
153000,8,5,25
153000,8,6,48
153000,8,8,81
153000,9,1,9
153000,9,2,47
153000,9,3,1
153000,9,4,2396
153000,9,6,13
153000,9,8,27
153000,10,1,1
153000,10,2,4
153000,10,4,861
153000,10,6,14
153000,10,8,1
155000,1,3,1399
155000,2,3,1404
155000,3,3,580
155000,4,1,119
155000,4,2,141
155000,4,3,152
155000,4,4,3
155000,4,5,9
155000,4,6,65
155000,4,7,214
155000,4,8,2
155000,5,1,145
155000,5,2,36
155000,5,3,14
155000,5,4,1
155000,5,5,11
155000,5,6,38
155000,5,7,24
155000,5,8,12
155000,6,1,3167
155000,6,2,447
155000,6,3,53
155000,6,4,79
155000,6,5,138
155000,6,6,296
155000,6,7,54
155000,6,8,266
155000,7,1,1266
155000,7,2,284
155000,7,3,2
155000,7,4,190
155000,7,5,84
155000,7,6,117
155000,7,7,5
155000,7,8,135
155000,8,1,147
155000,8,2,164
155000,8,3,1
155000,8,4,1305
155000,8,5,11
155000,8,6,29
155000,8,8,79
155000,9,1,15
155000,9,2,35
155000,9,4,1376
155000,9,6,1
155000,9,8,30
155000,10,1,1
155000,10,2,5
155000,10,4,454
155000,10,6,2
155000,10,8,4
157000,1,3,6235
157000,2,3,7021
157000,3,3,3290
157000,4,1,855
157000,4,2,1080
157000,4,3,1273
157000,4,4,23
157000,4,5,30
157000,4,6,533
157000,4,7,1531
157000,4,8,35
157000,5,1,1290
157000,5,2,454
157000,5,3,291
157000,5,4,25
157000,5,5,110
157000,5,6,508
157000,5,7,448
157000,5,8,58
157000,6,1,15293
157000,6,2,2056
157000,6,3,284
157000,6,4,381
157000,6,5,724
157000,6,6,2381
157000,6,7,341
157000,6,8,1645
157000,7,1,6269
157000,7,2,1192
157000,7,3,16
157000,7,4,796
157000,7,5,338
157000,7,6,980
157000,7,7,22
157000,7,8,1063
157000,8,1,1020
157000,8,2,725
157000,8,3,10
157000,8,4,5128
157000,8,5,45
157000,8,6,172
157000,8,8,568
157000,9,1,115
157000,9,2,241
157000,9,3,1
157000,9,4,5550
157000,9,5,1
157000,9,6,34
157000,9,8,297
157000,10,1,6
157000,10,2,19
157000,10,3,2
157000,10,4,1985
157000,10,6,16
157000,10,8,33
159000,1,3,6753
159000,2,3,6213
159000,3,3,2652
159000,4,1,950
159000,4,2,1003
159000,4,3,1465
159000,4,4,37
159000,4,5,43
159000,4,6,411
159000,4,7,1916
159000,4,8,35
159000,5,1,1997
159000,5,2,558
159000,5,3,512
159000,5,4,62
159000,5,5,173
159000,5,6,350
159000,5,7,779
159000,5,8,81
159000,6,1,16027
159000,6,2,2448
159000,6,3,467
159000,6,4,760
159000,6,5,681
159000,6,6,1589
159000,6,7,579
159000,6,8,994
159000,7,1,5082
159000,7,2,1111
159000,7,3,18
159000,7,4,1225
159000,7,5,266
159000,7,6,435
159000,7,7,17
159000,7,8,408
159000,8,1,563
159000,8,2,486
159000,8,3,12
159000,8,4,4804
159000,8,5,21
159000,8,6,97
159000,8,8,192
159000,9,1,21
159000,9,2,97
159000,9,3,13
159000,9,4,3944
159000,9,6,7
159000,9,8,59
159000,10,2,11
159000,10,3,2
159000,10,4,1560
159000,10,6,9
159000,10,8,7
161000,1,3,2192
161000,2,3,1725
161000,3,3,751
161000,4,1,371
161000,4,2,315
161000,4,3,362
161000,4,4,8
161000,4,5,24
161000,4,6,150
161000,4,7,638
161000,4,8,8
161000,5,1,891
161000,5,2,196
161000,5,3,125
161000,5,4,14
161000,5,5,59
161000,5,6,126
161000,5,7,206
161000,5,8,34
161000,6,1,5397
161000,6,2,871
161000,6,3,120
161000,6,4,288
161000,6,5,328
161000,6,6,613
161000,6,7,168
161000,6,8,273
161000,7,1,1763
161000,7,2,376
161000,7,3,3
161000,7,4,479
161000,7,5,138
161000,7,6,153
161000,7,7,4
161000,7,8,126
161000,8,1,174
161000,8,2,132
161000,8,4,1696
161000,8,5,7
161000,8,6,33
161000,8,8,53
161000,9,1,12
161000,9,2,34
161000,9,3,1
161000,9,4,1550
161000,9,6,3
161000,9,8,18
161000,10,4,622
161000,10,6,3
163000,1,3,2661
163000,2,3,2664
163000,3,3,1062
163000,4,1,407
163000,4,2,380
163000,4,3,485
163000,4,4,6
163000,4,5,29
163000,4,6,162
163000,4,7,857
163000,4,8,12
163000,5,1,806
163000,5,2,166
163000,5,3,135
163000,5,4,13
163000,5,5,64
163000,5,6,126
163000,5,7,255
163000,5,8,34
163000,6,1,6440
163000,6,2,1022
163000,6,3,154
163000,6,4,335
163000,6,5,361
163000,6,6,617
163000,6,7,214
163000,6,8,328
163000,7,1,2109
163000,7,2,507
163000,7,3,5
163000,7,4,662
163000,7,5,142
163000,7,6,178
163000,7,7,5
163000,7,8,157
163000,8,1,231
163000,8,2,216
163000,8,4,2357
163000,8,5,10
163000,8,6,24
163000,8,8,84
163000,9,1,4
163000,9,2,43
163000,9,3,1
163000,9,4,1877
163000,9,6,1
163000,9,8,18
163000,10,1,3
163000,10,2,5
163000,10,4,772
163000,10,6,5
163000,10,8,4
165000,1,3,2401
165000,2,3,2411
165000,3,3,1074
165000,4,1,392
165000,4,2,424
165000,4,3,638
165000,4,4,16
165000,4,5,31
165000,4,6,208
165000,4,7,990
165000,4,8,16
165000,5,1,724
165000,5,2,199
165000,5,3,226
165000,5,4,17
165000,5,5,128
165000,5,6,177
165000,5,7,288
165000,5,8,40
165000,6,1,5230
165000,6,2,1046
165000,6,3,234
165000,6,4,412
165000,6,5,499
165000,6,6,680
165000,6,7,238
165000,6,8,342
165000,7,1,1761
165000,7,2,418
165000,7,3,5
165000,7,4,610
165000,7,5,166
165000,7,6,217
165000,7,7,10
165000,7,8,122
165000,8,1,155
165000,8,2,181
165000,8,3,4
165000,8,4,2008
165000,8,5,8
165000,8,6,45
165000,8,8,62
165000,9,1,7
165000,9,2,53
165000,9,4,2089
165000,9,6,9
165000,9,8,25
165000,10,1,1
165000,10,2,1
165000,10,4,484
165000,10,6,1
165000,10,8,3
167000,1,3,5217
167000,2,3,4734
167000,3,3,1957
167000,4,1,691
167000,4,2,663
167000,4,3,978
167000,4,4,9
167000,4,5,54
167000,4,6,350
167000,4,7,1523
167000,4,8,29
167000,5,1,1414
167000,5,2,386
167000,5,3,302
167000,5,4,24
167000,5,5,162
167000,5,6,280
167000,5,7,463
167000,5,8,46
167000,6,1,12245
167000,6,2,1882
167000,6,3,270
167000,6,4,637
167000,6,5,708
167000,6,6,1344
167000,6,7,437
167000,6,8,680
167000,7,1,3593
167000,7,2,795
167000,7,3,5
167000,7,4,1104
167000,7,5,278
167000,7,6,412
167000,7,7,18
167000,7,8,289
167000,8,1,411
167000,8,2,355
167000,8,3,3
167000,8,4,3889
167000,8,5,23
167000,8,6,72
167000,8,8,115
167000,9,1,7
167000,9,2,89
167000,9,3,2
167000,9,4,3334
167000,9,6,5
167000,9,8,30
167000,10,2,13
167000,10,4,1106
167000,10,6,7
169000,1,3,5300
169000,2,3,4444
169000,3,3,1988
169000,4,1,902
169000,4,2,711
169000,4,3,840
169000,4,4,29
169000,4,5,64
169000,4,6,384
169000,4,7,1444
169000,4,8,30
169000,5,1,2071
169000,5,2,493
169000,5,3,244
169000,5,4,33
169000,5,5,248
169000,5,6,406
169000,5,7,456
169000,5,8,86
169000,6,1,12334
169000,6,2,2248
169000,6,3,332
169000,6,4,673
169000,6,5,976
169000,6,6,1595
169000,6,7,379
169000,6,8,767
169000,7,1,3584
169000,7,2,791
169000,7,3,9
169000,7,4,1037
169000,7,5,281
169000,7,6,431
169000,7,7,19
169000,7,8,250
169000,8,1,376
169000,8,2,330
169000,8,3,4
169000,8,4,3725
169000,8,5,29
169000,8,6,63
169000,8,8,112
169000,9,1,23
169000,9,2,92
169000,9,3,3
169000,9,4,3618
169000,9,6,16
169000,9,8,54
169000,10,1,1
169000,10,2,7
169000,10,4,903
169000,10,6,16
169000,10,8,5
173000,1,3,4800
173000,2,3,5050
173000,3,3,2238
173000,4,1,673
173000,4,2,978
173000,4,3,2026
173000,4,4,5
173000,4,5,34
173000,4,6,340
173000,4,7,1837
173000,4,8,28
173000,5,1,1453
173000,5,2,412
173000,5,3,705
173000,5,4,13
173000,5,5,125
173000,5,6,324
173000,5,7,822
173000,5,8,47
173000,6,1,12235
173000,6,2,1576
173000,6,3,356
173000,6,4,346
173000,6,5,519
173000,6,6,1302
173000,6,7,406
173000,6,8,874
173000,7,1,4526
173000,7,2,870
173000,7,3,13
173000,7,4,748
173000,7,5,277
173000,7,6,490
173000,7,7,13
173000,7,8,494
173000,8,1,643
173000,8,2,535
173000,8,3,9
173000,8,4,4131
173000,8,5,34
173000,8,6,96
173000,8,8,273
173000,9,1,33
173000,9,2,110
173000,9,3,4
173000,9,4,3869
173000,9,6,11
173000,9,8,115
173000,10,1,4
173000,10,2,11
173000,10,3,1
173000,10,4,1587
173000,10,6,5
173000,10,8,10
175000,1,3,4157
175000,2,3,3573
175000,3,3,1468
175000,4,1,639
175000,4,2,584
175000,4,3,611
175000,4,4,8
175000,4,5,47
175000,4,6,253
175000,4,7,1043
175000,4,8,26
175000,5,1,1350
175000,5,2,303
175000,5,3,206
175000,5,4,35
175000,5,5,141
175000,5,6,219
175000,5,7,380
175000,5,8,46
175000,6,1,9645
175000,6,2,1645
175000,6,3,237
175000,6,4,365
175000,6,5,585
175000,6,6,1052
175000,6,7,325
175000,6,8,624
175000,7,1,2981
175000,7,2,707
175000,7,3,7
175000,7,4,814
175000,7,5,264
175000,7,6,363
175000,7,7,14
175000,7,8,234
175000,8,1,296
175000,8,2,271
175000,8,3,2
175000,8,4,3103
175000,8,5,23
175000,8,6,59
175000,8,8,89
175000,9,1,9
175000,9,2,52
175000,9,3,1
175000,9,4,2612
175000,9,6,5
175000,9,8,25
175000,10,1,1
175000,10,2,11
175000,10,4,1045
175000,10,6,7
175000,10,8,1
183000,1,3,2219
183000,2,3,2007
183000,3,3,848
183000,4,1,366
183000,4,2,369
183000,4,3,399
183000,4,4,23
183000,4,5,33
183000,4,6,186
183000,4,7,707
183000,4,8,14
183000,5,1,721
183000,5,2,221
183000,5,3,101
183000,5,4,19
183000,5,5,132
183000,5,6,181
183000,5,7,190
183000,5,8,25
183000,6,1,4883
183000,6,2,984
183000,6,3,147
183000,6,4,386
183000,6,5,517
183000,6,6,653
183000,6,7,175
183000,6,8,288
183000,7,1,1419
183000,7,2,337
183000,7,3,3
183000,7,4,597
183000,7,5,178
183000,7,6,184
183000,7,7,2
183000,7,8,112
183000,8,1,120
183000,8,2,130
183000,8,3,1
183000,8,4,1657
183000,8,5,12
183000,8,6,25
183000,8,8,55
183000,9,1,4
183000,9,2,34
183000,9,4,1467
183000,9,6,4
183000,9,8,20
183000,10,2,2
183000,10,3,1
183000,10,4,293
183000,10,6,5
183000,10,8,1
185000,1,3,4115
185000,2,3,3877
185000,3,3,1701
185000,4,1,519
185000,4,2,522
185000,4,3,485
185000,4,4,17
185000,4,5,45
185000,4,6,284
185000,4,7,932
185000,4,8,28
185000,5,1,876
185000,5,2,230
185000,5,3,145
185000,5,4,17
185000,5,5,97
185000,5,6,199
185000,5,7,245
185000,5,8,38
185000,6,1,10221
185000,6,2,1493
185000,6,3,243
185000,6,4,393
185000,6,5,564
185000,6,6,876
185000,6,7,272
185000,6,8,558
185000,7,1,3289
185000,7,2,778
185000,7,3,11
185000,7,4,872
185000,7,5,303
185000,7,6,288
185000,7,7,21
185000,7,8,200
185000,8,1,311
185000,8,2,294
185000,8,3,4
185000,8,4,3522
185000,8,5,29
185000,8,6,53
185000,8,8,101
185000,9,1,4
185000,9,2,53
185000,9,3,2
185000,9,4,2955
185000,9,6,8
185000,9,8,27
185000,10,2,4
185000,10,4,912
185000,10,6,4
185000,10,8,1
187000,1,3,1822
187000,2,3,1654
187000,3,3,628
187000,4,1,220
187000,4,2,220
187000,4,3,238
187000,4,4,7
187000,4,5,14
187000,4,6,95
187000,4,7,414
187000,4,8,4
187000,5,1,472
187000,5,2,103
187000,5,3,39
187000,5,4,9
187000,5,5,49
187000,5,6,101
187000,5,7,85
187000,5,8,26
187000,6,1,4162
187000,6,2,590
187000,6,3,86
187000,6,4,81
187000,6,5,218
187000,6,6,382
187000,6,7,109
187000,6,8,247
187000,7,1,1138
187000,7,2,211
187000,7,3,4
187000,7,4,175
187000,7,5,70
187000,7,6,80
187000,7,7,2
187000,7,8,76
187000,8,1,127
187000,8,2,113
187000,8,3,2
187000,8,4,1140
187000,8,5,7
187000,8,6,15
187000,8,8,52
187000,9,1,7
187000,9,2,37
187000,9,4,1366
187000,9,6,4
187000,9,8,23
187000,10,2,1
187000,10,4,296
187000,10,6,6
187000,10,8,3
190000,1,3,4272
190000,2,3,4025
190000,3,3,1765
190000,4,1,451
190000,4,2,499
190000,4,3,606
190000,4,4,18
190000,4,5,34
190000,4,6,196
190000,4,7,695
190000,4,8,13
190000,5,1,599
190000,5,2,145
190000,5,3,105
190000,5,4,27
190000,5,5,56
190000,5,6,128
190000,5,7,130
190000,5,8,31
190000,6,1,9603
190000,6,2,1454
190000,6,3,152
190000,6,4,291
190000,6,5,336
190000,6,6,699
190000,6,7,188
190000,6,8,650
190000,7,1,3555
190000,7,2,709
190000,7,3,10
190000,7,4,594
190000,7,5,188
190000,7,6,293
190000,7,7,9
190000,7,8,320
190000,8,1,455
190000,8,2,379
190000,8,3,5
190000,8,4,3206
190000,8,5,15
190000,8,6,51
190000,8,8,179
190000,9,1,26
190000,9,2,91
190000,9,3,4
190000,9,4,3440
190000,9,6,7
190000,9,8,88
190000,10,1,3
190000,10,2,7
190000,10,4,1259
190000,10,6,3
190000,10,8,9
201000,1,3,2617
201000,2,3,2482
201000,3,3,1152
201000,4,1,309
201000,4,2,264
201000,4,3,358
201000,4,4,3
201000,4,5,20
201000,4,6,154
201000,4,7,512
201000,4,8,8
201000,5,1,314
201000,5,2,76
201000,5,3,54
201000,5,4,5
201000,5,5,31
201000,5,6,80
201000,5,7,57
201000,5,8,13
201000,6,1,6304
201000,6,2,792
201000,6,3,81
201000,6,4,118
201000,6,5,182
201000,6,6,342
201000,6,7,142
201000,6,8,340
201000,7,1,2413
201000,7,2,467
201000,7,3,7
201000,7,4,325
201000,7,5,79
201000,7,6,151
201000,7,7,8
201000,7,8,199
201000,8,1,273
201000,8,2,229
201000,8,3,4
201000,8,4,1900
201000,8,5,9
201000,8,6,28
201000,8,8,125
201000,9,1,11
201000,9,2,75
201000,9,3,2
201000,9,4,2214
201000,9,5,1
201000,9,6,2
201000,9,8,55
201000,10,2,6
201000,10,4,658
201000,10,8,5
210000,1,3,3757
210000,2,3,3578
210000,3,3,1673
210000,4,1,432
210000,4,2,477
210000,4,3,547
210000,4,4,26
210000,4,5,8
210000,4,6,243
210000,4,7,780
210000,4,8,18
210000,5,1,716
210000,5,2,181
210000,5,3,122
210000,5,4,35
210000,5,5,60
210000,5,6,151
210000,5,7,162
210000,5,8,43
210000,6,1,8588
210000,6,2,1359
210000,6,3,175
210000,6,4,435
210000,6,5,384
210000,6,6,871
210000,6,7,217
210000,6,8,720
210000,7,1,3469
210000,7,2,695
210000,7,3,11
210000,7,4,762
210000,7,5,187
210000,7,6,412
210000,7,7,14
210000,7,8,450
210000,8,1,513
210000,8,2,468
210000,8,3,10
210000,8,4,3770
210000,8,5,16
210000,8,6,65
210000,8,8,269
210000,9,1,34
210000,9,2,139
210000,9,4,3561
210000,9,5,1
210000,9,6,12
210000,9,8,125
210000,10,2,7
210000,10,4,927
210000,10,6,4
210000,10,8,10
217000,1,3,5015
217000,2,3,4685
217000,3,3,2373
217000,4,1,789
217000,4,2,887
217000,4,3,818
217000,4,4,31
217000,4,5,45
217000,4,6,349
217000,4,7,1380
217000,4,8,39
217000,5,1,1279
217000,5,2,298
217000,5,3,185
217000,5,4,37
217000,5,5,138
217000,5,6,263
217000,5,7,328
217000,5,8,70
217000,6,1,11911
217000,6,2,2086
217000,6,3,258
217000,6,4,852
217000,6,5,630
217000,6,6,1264
217000,6,7,360
217000,6,8,1093
217000,7,1,5385
217000,7,2,1254
217000,7,3,17
217000,7,4,1517
217000,7,5,329
217000,7,6,595
217000,7,7,23
217000,7,8,713
217000,8,1,693
217000,8,2,613
217000,8,3,4
217000,8,4,5964
217000,8,5,35
217000,8,6,125
217000,8,8,389
217000,9,1,56
217000,9,2,194
217000,9,3,4
217000,9,4,6044
217000,9,6,30
217000,9,8,180
217000,10,1,3
217000,10,2,13
217000,10,4,1738
217000,10,6,6
217000,10,8,12
219000,1,3,4795
219000,2,3,4431
219000,3,3,2193
219000,4,1,916
219000,4,2,734
219000,4,3,945
219000,4,4,39
219000,4,5,39
219000,4,6,351
219000,4,7,1479
219000,4,8,42
219000,5,1,1562
219000,5,2,307
219000,5,3,256
219000,5,4,53
219000,5,5,132
219000,5,6,207
219000,5,7,411
219000,5,8,65
219000,6,1,11903
219000,6,2,1948
219000,6,3,248
219000,6,4,594
219000,6,5,517
219000,6,6,934
219000,6,7,346
219000,6,8,766
219000,7,1,4581
219000,7,2,965
219000,7,3,10
219000,7,4,976
219000,7,5,211
219000,7,6,355
219000,7,7,18
219000,7,8,465
219000,8,1,468
219000,8,2,440
219000,8,3,2
219000,8,4,3852
219000,8,5,22
219000,8,6,56
219000,8,8,239
219000,9,1,27
219000,9,2,93
219000,9,3,4
219000,9,4,3856
219000,9,6,7
219000,9,8,123
219000,10,1,1
219000,10,2,10
219000,10,4,1146
219000,10,5,1
219000,10,6,4
219000,10,8,14
223000,1,3,1905
223000,2,3,2056
223000,3,3,1068
223000,4,1,273
223000,4,2,279
223000,4,3,298
223000,4,4,3
223000,4,5,11
223000,4,6,143
223000,4,7,425
223000,4,8,8
223000,5,1,322
223000,5,2,99
223000,5,3,54
223000,5,4,8
223000,5,5,33
223000,5,6,82
223000,5,7,63
223000,5,8,16
223000,6,1,4810
223000,6,2,647
223000,6,3,78
223000,6,4,112
223000,6,5,194
223000,6,6,523
223000,6,7,90
223000,6,8,438
223000,7,1,2196
223000,7,2,397
223000,7,3,3
223000,7,4,320
223000,7,5,118
223000,7,6,279
223000,7,7,7
223000,7,8,248
223000,8,1,353
223000,8,2,306
223000,8,3,3
223000,8,4,2075
223000,8,5,17
223000,8,6,59
223000,8,8,192
223000,9,1,56
223000,9,2,122
223000,9,3,1
223000,9,4,2788
223000,9,6,13
223000,9,8,105
223000,10,1,7
223000,10,2,13
223000,10,4,987
223000,10,6,4
223000,10,8,6
230000,1,3,5352
230000,2,3,5092
230000,3,3,2537
230000,4,1,587
230000,4,2,722
230000,4,3,1208
230000,4,4,23
230000,4,5,16
230000,4,6,352
230000,4,7,1131
230000,4,8,22
230000,5,1,707
230000,5,2,243
230000,5,3,254
230000,5,4,30
230000,5,5,80
230000,5,6,174
230000,5,7,277
230000,5,8,27
230000,6,1,11994
230000,6,2,1531
230000,6,3,189
230000,6,4,353
230000,6,5,478
230000,6,6,1067
230000,6,7,246
230000,6,8,1047
230000,7,1,4877
230000,7,2,903
230000,7,3,13
230000,7,4,708
230000,7,5,258
230000,7,6,535
230000,7,7,8
230000,7,8,692
230000,8,1,800
230000,8,2,554
230000,8,3,4
230000,8,4,4060
230000,8,5,19
230000,8,6,103
230000,8,8,407
230000,9,1,78
230000,9,2,203
230000,9,3,8
230000,9,4,4926
230000,9,6,13
230000,9,8,171
230000,10,1,13
230000,10,2,18
230000,10,4,2048
230000,10,6,9
230000,10,8,28
240000,1,3,4631
240000,2,3,3984
240000,3,3,1956
240000,4,1,598
240000,4,2,456
240000,4,3,618
240000,4,4,10
240000,4,5,23
240000,4,6,206
240000,4,7,1016
240000,4,8,23
240000,5,1,1001
240000,5,2,176
240000,5,3,103
240000,5,4,23
240000,5,5,60
240000,5,6,118
240000,5,7,157
240000,5,8,35
240000,6,1,11604
240000,6,2,1430
240000,6,3,147
240000,6,4,302
240000,6,5,395
240000,6,6,626
240000,6,7,227
240000,6,8,668
240000,7,1,3954
240000,7,2,740
240000,7,3,5
240000,7,4,608
240000,7,5,198
240000,7,6,256
240000,7,7,18
240000,7,8,349
240000,8,1,382
240000,8,2,305
240000,8,3,1
240000,8,4,3094
240000,8,5,20
240000,8,6,41
240000,8,8,165
240000,9,1,14
240000,9,2,104
240000,9,4,3457
240000,9,6,5
240000,9,8,95
240000,10,2,8
240000,10,4,769
240000,10,6,5
240000,10,8,18
250000,1,3,3466
250000,2,3,3476
250000,3,3,1810
250000,4,1,642
250000,4,2,542
250000,4,3,588
250000,4,4,30
250000,4,5,43
250000,4,6,235
250000,4,7,950
250000,4,8,24
250000,5,1,1008
250000,5,2,213
250000,5,3,111
250000,5,4,45
250000,5,5,90
250000,5,6,177
250000,5,7,177
250000,5,8,48
250000,6,1,9353
250000,6,2,1469
250000,6,3,152
250000,6,4,547
250000,6,5,425
250000,6,6,781
250000,6,7,270
250000,6,8,692
250000,7,1,4220
250000,7,2,968
250000,7,3,6
250000,7,4,998
250000,7,5,262
250000,7,6,348
250000,7,7,22
250000,7,8,451
250000,8,1,417
250000,8,2,464
250000,8,3,5
250000,8,4,4399
250000,8,5,22
250000,8,6,84
250000,8,8,271
250000,9,1,20
250000,9,2,139
250000,9,3,3
250000,9,4,4404
250000,9,6,5
250000,9,8,127
250000,10,1,2
250000,10,2,4
250000,10,4,1095
250000,10,6,3
250000,10,8,13
253000,1,3,4832
253000,2,3,4445
253000,3,3,2001
253000,4,1,607
253000,4,2,656
253000,4,3,679
253000,4,4,36
253000,4,5,59
253000,4,6,244
253000,4,7,1129
253000,4,8,24
253000,5,1,1128
253000,5,2,242
253000,5,3,137
253000,5,4,27
253000,5,5,104
253000,5,6,199
253000,5,7,219
253000,5,8,37
253000,6,1,11768
253000,6,2,1720
253000,6,3,175
253000,6,4,590
253000,6,5,554
253000,6,6,912
253000,6,7,267
253000,6,8,666
253000,7,1,4280
253000,7,2,873
253000,7,3,6
253000,7,4,949
253000,7,5,237
253000,7,6,330
253000,7,7,9
253000,7,8,353
253000,8,1,492
253000,8,2,349
253000,8,3,3
253000,8,4,4140
253000,8,5,24
253000,8,6,39
253000,8,8,161
253000,9,1,29
253000,9,2,108
253000,9,3,3
253000,9,4,4528
253000,9,5,1
253000,9,6,10
253000,9,8,83
253000,10,1,1
253000,10,2,7
253000,10,4,1022
253000,10,6,8
253000,10,8,6
259000,1,3,5449
259000,2,3,4733
259000,3,3,2452
259000,4,1,922
259000,4,2,794
259000,4,3,836
259000,4,4,21
259000,4,5,81
259000,4,6,437
259000,4,7,1604
259000,4,8,34
259000,5,1,1787
259000,5,2,345
259000,5,3,212
259000,5,4,49
259000,5,5,192
259000,5,6,328
259000,5,7,401
259000,5,8,85
259000,6,1,13431
259000,6,2,2281
259000,6,3,283
259000,6,4,947
259000,6,5,750
259000,6,6,1322
259000,6,7,367
259000,6,8,857
259000,7,1,5025
259000,7,2,1145
259000,7,3,15
259000,7,4,1391
259000,7,5,324
259000,7,6,363
259000,7,7,10
259000,7,8,416
259000,8,1,484
259000,8,2,500
259000,8,3,6
259000,8,4,4807
259000,8,5,30
259000,8,6,71
259000,8,8,236
259000,9,1,22
259000,9,2,129
259000,9,3,2
259000,9,4,5062
259000,9,5,1
259000,9,6,11
259000,9,8,131
259000,10,2,3
259000,10,4,1262
259000,10,6,5
259000,10,8,5
260000,1,3,2140
260000,2,3,2219
260000,3,3,1058
260000,4,1,417
260000,4,2,355
260000,4,3,351
260000,4,4,24
260000,4,5,46
260000,4,6,212
260000,4,7,521
260000,4,8,23
260000,5,1,627
260000,5,2,169
260000,5,3,65
260000,5,4,24
260000,5,5,88
260000,5,6,139
260000,5,7,112
260000,5,8,39
260000,6,1,5749
260000,6,2,1144
260000,6,3,110
260000,6,4,464
260000,6,5,416
260000,6,6,514
260000,6,7,152
260000,6,8,474
260000,7,1,2672
260000,7,2,735
260000,7,3,8
260000,7,4,883
260000,7,5,173
260000,7,6,242
260000,7,7,16
260000,7,8,290
260000,8,1,327
260000,8,2,373
260000,8,3,2
260000,8,4,3601
260000,8,5,20
260000,8,6,51
260000,8,8,176
260000,9,1,16
260000,9,2,85
260000,9,3,1
260000,9,4,3246
260000,9,6,9
260000,9,8,74
260000,10,1,1
260000,10,2,3
260000,10,3,1
260000,10,4,801
260000,10,6,1
260000,10,8,6
265000,1,3,7524
265000,2,3,7427
265000,3,3,3660
265000,4,1,1338
265000,4,2,1113
265000,4,3,1921
265000,4,4,35
265000,4,5,91
265000,4,6,512
265000,4,7,2948
265000,4,8,65
265000,5,1,2294
265000,5,2,543
265000,5,3,554
265000,5,4,66
265000,5,5,248
265000,5,6,359
265000,5,7,803
265000,5,8,96
265000,6,1,19611
265000,6,2,2959
265000,6,3,416
265000,6,4,965
265000,6,5,982
265000,6,6,1431
265000,6,7,559
265000,6,8,1271
265000,7,1,7701
265000,7,2,1532
265000,7,3,18
265000,7,4,1552
265000,7,5,432
265000,7,6,497
265000,7,7,27
265000,7,8,668
265000,8,1,810
265000,8,2,774
265000,8,3,4
265000,8,4,6921
265000,8,5,42
265000,8,6,89
265000,8,8,370
265000,9,1,44
265000,9,2,177
265000,9,3,4
265000,9,4,6741
265000,9,6,9
265000,9,8,162
265000,10,2,12
265000,10,3,4
265000,10,4,2052
265000,10,6,3
265000,10,8,11
269000,1,3,2539
269000,2,3,2175
269000,3,3,993
269000,4,1,323
269000,4,2,299
269000,4,3,292
269000,4,4,6
269000,4,5,16
269000,4,6,107
269000,4,7,516
269000,4,8,12
269000,5,1,558
269000,5,2,104
269000,5,3,52
269000,5,4,17
269000,5,5,42
269000,5,6,69
269000,5,7,102
269000,5,8,30
269000,6,1,5832
269000,6,2,827
269000,6,3,74
269000,6,4,213
269000,6,5,213
269000,6,6,329
269000,6,7,134
269000,6,8,378
269000,7,1,2003
269000,7,2,377
269000,7,3,3
269000,7,4,362
269000,7,5,92
269000,7,6,125
269000,7,7,4
269000,7,8,149
269000,8,1,211
269000,8,2,175
269000,8,3,2
269000,8,4,1853
269000,8,5,10
269000,8,6,17
269000,8,8,97
269000,9,1,18
269000,9,2,59
269000,9,3,4
269000,9,4,1916
269000,9,6,3
269000,9,8,47
269000,10,1,1
269000,10,2,3
269000,10,4,429
269000,10,6,1
269000,10,8,3
270000,1,3,2799
270000,2,3,2935
270000,3,3,1580
270000,4,1,519
270000,4,2,447
270000,4,3,468
270000,4,4,31
270000,4,5,52
270000,4,6,220
270000,4,7,708
270000,4,8,22
270000,5,1,744
270000,5,2,167
270000,5,3,93
270000,5,4,31
270000,5,5,75
270000,5,6,154
270000,5,7,149
270000,5,8,55
270000,6,1,7303
270000,6,2,1484
270000,6,3,128
270000,6,4,452
270000,6,5,412
270000,6,6,718
270000,6,7,203
270000,6,8,867
270000,7,1,3794
270000,7,2,951
270000,7,3,10
270000,7,4,919
270000,7,5,259
270000,7,6,361
270000,7,7,24
270000,7,8,615
270000,8,1,526
270000,8,2,543
270000,8,3,5
270000,8,4,4400
270000,8,5,24
270000,8,6,77
270000,8,8,398
270000,9,1,47
270000,9,2,148
270000,9,3,2
270000,9,4,4318
270000,9,5,1
270000,9,6,16
270000,9,8,173
270000,10,2,4
270000,10,3,1
270000,10,4,1096
270000,10,6,8
270000,10,8,14
306000,1,3,1876
306000,2,3,2115
306000,3,3,1045
306000,4,1,354
306000,4,2,320
306000,4,3,340
306000,4,4,43
306000,4,5,42
306000,4,6,183
306000,4,7,580
306000,4,8,22
306000,5,1,570
306000,5,2,161
306000,5,3,70
306000,5,4,61
306000,5,5,75
306000,5,6,160
306000,5,7,113
306000,5,8,43
306000,6,1,4790
306000,6,2,1281
306000,6,3,119
306000,6,4,691
306000,6,5,370
306000,6,6,594
306000,6,7,197
306000,6,8,560
306000,7,1,2579
306000,7,2,836
306000,7,3,5
306000,7,4,1153
306000,7,5,225
306000,7,6,262
306000,7,7,13
306000,7,8,377
306000,8,1,394
306000,8,2,419
306000,8,3,6
306000,8,4,4419
306000,8,5,20
306000,8,6,60
306000,8,8,285
306000,9,1,19
306000,9,2,85
306000,9,3,3
306000,9,4,3852
306000,9,5,1
306000,9,6,9
306000,9,8,158
306000,10,2,5
306000,10,4,1003
306000,10,5,1
306000,10,6,3
306000,10,8,14
316000,1,3,6021
316000,2,3,5892
316000,3,3,2897
316000,4,1,1070
316000,4,2,889
316000,4,3,1072
316000,4,4,64
316000,4,5,68
316000,4,6,471
316000,4,7,1641
316000,4,8,37
316000,5,1,1833
316000,5,2,459
316000,5,3,239
316000,5,4,81
316000,5,5,176
316000,5,6,345
316000,5,7,410
316000,5,8,100
316000,6,1,14592
316000,6,2,2887
316000,6,3,333
316000,6,4,1224
316000,6,5,820
316000,6,6,1368
316000,6,7,478
316000,6,8,1114
316000,7,1,5872
316000,7,2,1522
316000,7,3,13
316000,7,4,1870
316000,7,5,338
316000,7,6,410
316000,7,7,18
316000,7,8,675
316000,8,1,715
316000,8,2,741
316000,8,3,4
316000,8,4,6618
316000,8,5,28
316000,8,6,88
316000,8,8,435
316000,9,1,25
316000,9,2,147
316000,9,3,3
316000,9,4,5558
316000,9,5,1
316000,9,6,12
316000,9,8,199
316000,10,1,1
316000,10,2,10
316000,10,4,1524
316000,10,6,6
316000,10,8,27
320000,1,3,2834
320000,2,3,2709
320000,3,3,1426
320000,4,1,493
320000,4,2,395
320000,4,3,496
320000,4,4,36
320000,4,5,44
320000,4,6,247
320000,4,7,676
320000,4,8,22
320000,5,1,875
320000,5,2,261
320000,5,3,115
320000,5,4,37
320000,5,5,88
320000,5,6,173
320000,5,7,144
320000,5,8,55
320000,6,1,7370
320000,6,2,1559
320000,6,3,158
320000,6,4,487
320000,6,5,490
320000,6,6,762
320000,6,7,221
320000,6,8,650
320000,7,1,3162
320000,7,2,912
320000,7,3,9
320000,7,4,855
320000,7,5,208
320000,7,6,251
320000,7,7,12
320000,7,8,383
320000,8,1,406
320000,8,2,400
320000,8,3,4
320000,8,4,3533
320000,8,5,17
320000,8,6,38
320000,8,8,244
320000,9,1,11
320000,9,2,77
320000,9,3,1
320000,9,4,2981
320000,9,6,6
320000,9,8,128
320000,10,1,1
320000,10,2,3
320000,10,4,869
320000,10,8,10
326000,1,3,3445
326000,2,3,3568
326000,3,3,1816
326000,4,1,591
326000,4,2,534
326000,4,3,678
326000,4,4,32
326000,4,5,53
326000,4,6,348
326000,4,7,1040
326000,4,8,25
326000,5,1,1097
326000,5,2,286
326000,5,3,162
326000,5,4,63
326000,5,5,113
326000,5,6,278
326000,5,7,207
326000,5,8,58
326000,6,1,8600
326000,6,2,1829
326000,6,3,221
326000,6,4,1147
326000,6,5,516
326000,6,6,1006
326000,6,7,265
326000,6,8,657
326000,7,1,3791
326000,7,2,1056
326000,7,3,9
326000,7,4,1639
326000,7,5,280
326000,7,6,352
326000,7,7,25
326000,7,8,416
326000,8,1,471
326000,8,2,503
326000,8,3,5
326000,8,4,5127
326000,8,5,33
326000,8,6,63
326000,8,8,319
326000,9,1,15
326000,9,2,137
326000,9,3,4
326000,9,4,4330
326000,9,6,5
326000,9,8,151
326000,10,1,1
326000,10,2,20
326000,10,4,1196
326000,10,6,1
326000,10,8,21
329000,1,3,3051
329000,2,3,2794
329000,3,3,1361
329000,4,1,589
329000,4,2,452
329000,4,3,477
329000,4,4,18
329000,4,5,38
329000,4,6,233
329000,4,7,878
329000,4,8,17
329000,5,1,1125
329000,5,2,240
329000,5,3,150
329000,5,4,29
329000,5,5,93
329000,5,6,182
329000,5,7,208
329000,5,8,44
329000,6,1,7873
329000,6,2,1550
329000,6,3,189
329000,6,4,535
329000,6,5,506
329000,6,6,789
329000,6,7,258
329000,6,8,500
329000,7,1,2785
329000,7,2,677
329000,7,3,8
329000,7,4,802
329000,7,5,165
329000,7,6,227
329000,7,7,10
329000,7,8,280
329000,8,1,312
329000,8,2,327
329000,8,3,3
329000,8,4,2672
329000,8,5,10
329000,8,6,25
329000,8,8,183
329000,9,1,15
329000,9,2,63
329000,9,3,1
329000,9,4,2340
329000,9,6,6
329000,9,8,75
329000,10,1,1
329000,10,2,1
329000,10,4,721
329000,10,6,1
329000,10,8,15
330000,1,3,6248
330000,2,3,5633
330000,3,3,2815
330000,4,1,1249
330000,4,2,1029
330000,4,3,1421
330000,4,4,79
330000,4,5,110
330000,4,6,548
330000,4,7,2057
330000,4,8,45
330000,5,1,2377
330000,5,2,608
330000,5,3,483
330000,5,4,136
330000,5,5,266
330000,5,6,446
330000,5,7,654
330000,5,8,85
330000,6,1,14375
330000,6,2,3087
330000,6,3,461
330000,6,4,1608
330000,6,5,1040
330000,6,6,1758
330000,6,7,629
330000,6,8,1036
330000,7,1,5969
330000,7,2,1654
330000,7,3,19
330000,7,4,2186
330000,7,5,399
330000,7,6,552
330000,7,7,24
330000,7,8,545
330000,8,1,621
330000,8,2,734
330000,8,3,4
330000,8,4,7450
330000,8,5,41
330000,8,6,103
330000,8,8,369
330000,9,1,23
330000,9,2,173
330000,9,3,2
330000,9,4,6468
330000,9,6,14
330000,9,8,180
330000,10,2,6
330000,10,3,1
330000,10,4,1879
330000,10,6,4
330000,10,8,28
336000,1,3,1799
336000,2,3,1787
336000,3,3,849
336000,4,1,281
336000,4,2,230
336000,4,3,259
336000,4,4,13
336000,4,5,28
336000,4,6,105
336000,4,7,437
336000,4,8,15
336000,5,1,465
336000,5,2,101
336000,5,3,53
336000,5,4,27
336000,5,5,43
336000,5,6,100
336000,5,7,65
336000,5,8,23
336000,6,1,4536
336000,6,2,952
336000,6,3,82
336000,6,4,277
336000,6,5,266
336000,6,6,441
336000,6,7,117
336000,6,8,434
336000,7,1,2048
336000,7,2,545
336000,7,3,4
336000,7,4,586
336000,7,5,125
336000,7,6,182
336000,7,7,11
336000,7,8,300
336000,8,1,279
336000,8,2,281
336000,8,4,2361
336000,8,5,8
336000,8,6,36
336000,8,8,192
336000,9,1,17
336000,9,2,70
336000,9,3,2
336000,9,4,2158
336000,9,5,1
336000,9,6,5
336000,9,8,98
336000,10,1,1
336000,10,2,1
336000,10,4,585
336000,10,6,1
336000,10,8,10
340000,1,3,2538
340000,2,3,2436
340000,3,3,1241
340000,4,1,386
340000,4,2,337
340000,4,3,385
340000,4,4,17
340000,4,5,39
340000,4,6,175
340000,4,7,567
340000,4,8,17
340000,5,1,677
340000,5,2,155
340000,5,3,94
340000,5,4,36
340000,5,5,74
340000,5,6,141
340000,5,7,118
340000,5,8,32
340000,6,1,6055
340000,6,2,1215
340000,6,3,150
340000,6,4,505
340000,6,5,330
340000,6,6,558
340000,6,7,195
340000,6,8,524
340000,7,1,2533
340000,7,2,709
340000,7,3,5
340000,7,4,746
340000,7,5,142
340000,7,6,224
340000,7,7,10
340000,7,8,311
340000,8,1,325
340000,8,2,364
340000,8,3,2
340000,8,4,2622
340000,8,5,11
340000,8,6,37
340000,8,8,192
340000,9,1,18
340000,9,2,71
340000,9,4,2288
340000,9,6,4
340000,9,8,104
340000,10,2,2
340000,10,4,715
340000,10,6,1
340000,10,8,11
350000,1,3,2696
350000,2,3,2491
350000,3,3,1183
350000,4,1,344
350000,4,2,299
350000,4,3,370
350000,4,4,25
350000,4,5,28
350000,4,6,140
350000,4,7,532
350000,4,8,16
350000,5,1,475
350000,5,2,105
350000,5,3,56
350000,5,4,28
350000,5,5,45
350000,5,6,92
350000,5,7,87
350000,5,8,38
350000,6,1,6152
350000,6,2,1106
350000,6,3,122
350000,6,4,285
350000,6,5,305
350000,6,6,448
350000,6,7,176
350000,6,8,576
350000,7,1,2505
350000,7,2,574
350000,7,3,2
350000,7,4,483
350000,7,5,126
350000,7,6,163
350000,7,7,8
350000,7,8,317
350000,8,1,303
350000,8,2,323
350000,8,3,3
350000,8,4,2499
350000,8,5,12
350000,8,6,40
350000,8,8,219
350000,9,1,21
350000,9,2,92
350000,9,3,3
350000,9,4,2294
350000,9,6,3
350000,9,8,114
350000,10,2,3
350000,10,4,580
350000,10,6,2
350000,10,8,19
360000,1,3,2371
360000,2,3,2602
360000,3,3,1230
360000,4,1,447
360000,4,2,337
360000,4,3,489
360000,4,4,69
360000,4,5,82
360000,4,6,286
360000,4,7,595
360000,4,8,17
360000,5,1,571
360000,5,2,237
360000,5,3,156
360000,5,4,105
360000,5,5,101
360000,5,6,191
360000,5,7,140
360000,5,8,43
360000,6,1,5555
360000,6,2,1543
360000,6,3,185
360000,6,4,1209
360000,6,5,586
360000,6,6,1047
360000,6,7,217
360000,6,8,515
360000,7,1,2878
360000,7,2,962
360000,7,3,14
360000,7,4,1793
360000,7,5,321
360000,7,6,326
360000,7,7,20
360000,7,8,351
360000,8,1,352
360000,8,2,412
360000,8,3,4
360000,8,4,5299
360000,8,5,19
360000,8,6,98
360000,8,8,282
360000,9,1,10
360000,9,2,111
360000,9,3,3
360000,9,4,4285
360000,9,5,1
360000,9,6,16
360000,9,8,115
360000,10,1,1
360000,10,2,2
360000,10,4,1295
360000,10,6,7
360000,10,8,17
370000,1,3,6505
370000,2,3,6430
370000,3,3,3157
370000,4,1,1310
370000,4,2,1123
370000,4,3,1276
370000,4,4,80
370000,4,5,107
370000,4,6,579
370000,4,7,2047
370000,4,8,40
370000,5,1,2362
370000,5,2,533
370000,5,3,421
370000,5,4,95
370000,5,5,247
370000,5,6,405
370000,5,7,535
370000,5,8,96
370000,6,1,16625
370000,6,2,3122
370000,6,3,490
370000,6,4,1394
370000,6,5,1066
370000,6,6,1588
370000,6,7,573
370000,6,8,1143
370000,7,1,6351
370000,7,2,1746
370000,7,3,16
370000,7,4,2158
370000,7,5,532
370000,7,6,522
370000,7,7,32
370000,7,8,677
370000,8,1,769
370000,8,2,828
370000,8,3,10
370000,8,4,7889
370000,8,5,41
370000,8,6,108
370000,8,8,462
370000,9,1,30
370000,9,2,188
370000,9,3,3
370000,9,4,6689
370000,9,6,16
370000,9,8,215
370000,10,2,9
370000,10,4,1895
370000,10,6,6
370000,10,8,33
376000,1,3,4167
376000,2,3,3978
376000,3,3,1957
376000,4,1,732
376000,4,2,615
376000,4,3,796
376000,4,4,52
376000,4,5,68
376000,4,6,440
376000,4,7,1225
376000,4,8,31
376000,5,1,1332
376000,5,2,344
376000,5,3,270
376000,5,4,90
376000,5,5,139
376000,5,6,342
376000,5,7,359
376000,5,8,54
376000,6,1,9809
376000,6,2,2281
376000,6,3,324
376000,6,4,1320
376000,6,5,745
376000,6,6,1303
376000,6,7,407
376000,6,8,888
376000,7,1,4541
376000,7,2,1335
376000,7,3,16
376000,7,4,2018
376000,7,5,405
376000,7,6,426
376000,7,7,26
376000,7,8,605
376000,8,1,561
376000,8,2,720
376000,8,3,9
376000,8,4,6800
376000,8,5,39
376000,8,6,83
376000,8,8,346
376000,9,1,23
376000,9,2,160
376000,9,3,2
376000,9,4,5973
376000,9,6,16
376000,9,8,214
376000,10,2,5
376000,10,4,1812
376000,10,6,7
376000,10,8,23
390000,1,3,2865
390000,2,3,3079
390000,3,3,1582
390000,4,1,545
390000,4,2,499
390000,4,3,707
390000,4,4,35
390000,4,5,72
390000,4,6,334
390000,4,7,765
390000,4,8,22
390000,5,1,879
390000,5,2,215
390000,5,3,177
390000,5,4,72
390000,5,5,135
390000,5,6,211
390000,5,7,191
390000,5,8,54
390000,6,1,7443
390000,6,2,1685
390000,6,3,181
390000,6,4,783
390000,6,5,561
390000,6,6,912
390000,6,7,248
390000,6,8,766
390000,7,1,3550
390000,7,2,1112
390000,7,3,13
390000,7,4,1462
390000,7,5,292
390000,7,6,362
390000,7,7,32
390000,7,8,570
390000,8,1,475
390000,8,2,548
390000,8,3,5
390000,8,4,5291
390000,8,5,27
390000,8,6,67
390000,8,8,369
390000,9,1,21
390000,9,2,148
390000,9,4,4606
390000,9,6,10
390000,9,8,157
390000,10,2,7
390000,10,4,1287
390000,10,6,3
390000,10,8,9
400000,1,3,2669
400000,2,3,2699
400000,3,3,1235
400000,4,1,370
400000,4,2,369
400000,4,3,421
400000,4,4,25
400000,4,5,69
400000,4,6,197
400000,4,7,622
400000,4,8,15
400000,5,1,696
400000,5,2,234
400000,5,3,113
400000,5,4,73
400000,5,5,95
400000,5,6,182
400000,5,7,167
400000,5,8,31
400000,6,1,5718
400000,6,2,1820
400000,6,3,139
400000,6,4,887
400000,6,5,417
400000,6,6,635
400000,6,7,281
400000,6,8,754
400000,7,1,2886
400000,7,2,1124
400000,7,3,6
400000,7,4,1528
400000,7,5,243
400000,7,6,284
400000,7,7,28
400000,7,8,509
400000,8,1,259
400000,8,2,459
400000,8,3,10
400000,8,4,5115
400000,8,5,23
400000,8,6,107
400000,8,8,365
400000,9,1,9
400000,9,2,97
400000,9,3,1
400000,9,4,4214
400000,9,6,28
400000,9,8,156
400000,10,2,3
400000,10,4,1291
400000,10,6,7
400000,10,8,11
410000,1,3,3207
410000,2,3,3132
410000,3,3,1582
410000,4,1,510
410000,4,2,430
410000,4,3,425
410000,4,4,26
410000,4,5,22
410000,4,6,244
410000,4,7,824
410000,4,8,18
410000,5,1,969
410000,5,2,208
410000,5,3,98
410000,5,4,46
410000,5,5,77
410000,5,6,157
410000,5,7,171
410000,5,8,41
410000,6,1,7942
410000,6,2,1659
410000,6,3,172
410000,6,4,579
410000,6,5,358
410000,6,6,580
410000,6,7,265
410000,6,8,582
410000,7,1,3298
410000,7,2,938
410000,7,3,4
410000,7,4,992
410000,7,5,177
410000,7,6,235
410000,7,7,21
410000,7,8,350
410000,8,1,336
410000,8,2,432
410000,8,3,3
410000,8,4,3842
410000,8,5,11
410000,8,6,55
410000,8,8,247
410000,9,1,26
410000,9,2,103
410000,9,3,5
410000,9,4,3428
410000,9,6,5
410000,9,8,118
410000,10,2,4
410000,10,4,987
410000,10,6,4
410000,10,8,14
420000,1,3,3155
420000,2,3,3214
420000,3,3,1564
420000,4,1,510
420000,4,2,384
420000,4,3,497
420000,4,4,34
420000,4,5,50
420000,4,6,303
420000,4,7,786
420000,4,8,13
420000,5,1,873
420000,5,2,211
420000,5,3,118
420000,5,4,48
420000,5,5,92
420000,5,6,185
420000,5,7,150
420000,5,8,31
420000,6,1,7653
420000,6,2,1810
420000,6,3,175
420000,6,4,710
420000,6,5,544
420000,6,6,714
420000,6,7,264
420000,6,8,582
420000,7,1,3232
420000,7,2,975
420000,7,3,7
420000,7,4,1135
420000,7,5,260
420000,7,6,245
420000,7,7,20
420000,7,8,390
420000,8,1,334
420000,8,2,466
420000,8,3,2
420000,8,4,4068
420000,8,5,16
420000,8,6,47
420000,8,8,266
420000,9,1,15
420000,9,2,102
420000,9,3,3
420000,9,4,3425
420000,9,6,12
420000,9,8,131
420000,10,2,4
420000,10,4,1095
420000,10,6,4
420000,10,8,18
430000,1,3,4076
430000,2,3,4209
430000,3,3,1983
430000,4,1,586
430000,4,2,487
430000,4,3,662
430000,4,4,41
430000,4,5,57
430000,4,6,316
430000,4,7,938
430000,4,8,19
430000,5,1,1118
430000,5,2,265
430000,5,3,154
430000,5,4,62
430000,5,5,122
430000,5,6,265
430000,5,7,214
430000,5,8,47
430000,6,1,9540
430000,6,2,2218
430000,6,3,232
430000,6,4,1026
430000,6,5,661
430000,6,6,995
430000,6,7,324
430000,6,8,758
430000,7,1,3933
430000,7,2,1360
430000,7,3,17
430000,7,4,1354
430000,7,5,284
430000,7,6,278
430000,7,7,24
430000,7,8,523
430000,8,1,427
430000,8,2,628
430000,8,3,4
430000,8,4,5063
430000,8,5,25
430000,8,6,78
430000,8,8,384
430000,9,1,17
430000,9,2,160
430000,9,3,2
430000,9,4,4548
430000,9,6,8
430000,9,8,204
430000,10,1,2
430000,10,2,12
430000,10,4,1517
430000,10,6,3
430000,10,8,24
440000,1,3,1838
440000,2,3,1808
440000,3,3,845
440000,4,1,275
440000,4,2,208
440000,4,3,305
440000,4,4,16
440000,4,5,18
440000,4,6,135
440000,4,7,429
440000,4,8,11
440000,5,1,484
440000,5,2,113
440000,5,3,83
440000,5,4,33
440000,5,5,48
440000,5,6,116
440000,5,7,98
440000,5,8,26
440000,6,1,4408
440000,6,2,1006
440000,6,3,105
440000,6,4,332
440000,6,5,278
440000,6,6,443
440000,6,7,131
440000,6,8,336
440000,7,1,1934
440000,7,2,629
440000,7,3,4
440000,7,4,652
440000,7,5,157
440000,7,6,144
440000,7,7,9
440000,7,8,189
440000,8,1,191
440000,8,2,257
440000,8,3,1
440000,8,4,2468
440000,8,5,9
440000,8,6,39
440000,8,8,144
440000,9,1,14
440000,9,2,59
440000,9,4,2329
440000,9,6,5
440000,9,8,74
440000,10,2,3
440000,10,3,1
440000,10,4,741
440000,10,6,2
440000,10,8,7
450000,1,3,2375
450000,2,3,2412
450000,3,3,1293
450000,4,1,356
450000,4,2,383
450000,4,3,557
450000,4,4,30
450000,4,5,37
450000,4,6,201
450000,4,7,654
450000,4,8,15
450000,5,1,635
450000,5,2,176
450000,5,3,132
450000,5,4,55
450000,5,5,89
450000,5,6,126
450000,5,7,147
450000,5,8,14
450000,6,1,5759
450000,6,2,1298
450000,6,3,191
450000,6,4,736
450000,6,5,354
450000,6,6,558
450000,6,7,213
450000,6,8,390
450000,7,1,2444
450000,7,2,735
450000,7,3,10
450000,7,4,1063
450000,7,5,183
450000,7,6,190
450000,7,7,8
450000,7,8,244
450000,8,1,240
450000,8,2,349
450000,8,3,3
450000,8,4,3383
450000,8,5,18
450000,8,6,39
450000,8,8,171
450000,9,1,10
450000,9,2,78
450000,9,3,3
450000,9,4,2877
450000,9,5,1
450000,9,6,5
450000,9,8,83
450000,10,1,1
450000,10,2,3
450000,10,4,923
450000,10,6,5
450000,10,8,5
461000,1,3,16881
461000,2,3,14333
461000,3,3,6593
461000,4,1,3282
461000,4,2,3755
461000,4,3,7711
461000,4,4,132
461000,4,5,290
461000,4,6,1554
461000,4,7,9331
461000,4,8,118
461000,5,1,8727
461000,5,2,2182
461000,5,3,3167
461000,5,4,187
461000,5,5,1173
461000,5,6,1479
461000,5,7,4049
461000,5,8,224
461000,6,1,37597
461000,6,2,7347
461000,6,3,1547
461000,6,4,3769
461000,6,5,2678
461000,6,6,5007
461000,6,7,1935
461000,6,8,2115
461000,7,1,11743
461000,7,2,3433
461000,7,3,34
461000,7,4,5215
461000,7,5,910
461000,7,6,1290
461000,7,7,71
461000,7,8,980
461000,8,1,1246
461000,8,2,1488
461000,8,3,13
461000,8,4,15289
461000,8,5,62
461000,8,6,220
461000,8,8,541
461000,9,1,58
461000,9,2,339
461000,9,3,6
461000,9,4,13078
461000,9,5,2
461000,9,6,34
461000,9,8,200
461000,10,1,3
461000,10,2,15
461000,10,4,4272
461000,10,6,31
461000,10,8,25
479000,1,3,4859
479000,2,3,4584
479000,3,3,2215
479000,4,1,634
479000,4,2,656
479000,4,3,1159
479000,4,4,38
479000,4,5,75
479000,4,6,444
479000,4,7,1355
479000,4,8,26
479000,5,1,1050
479000,5,2,301
479000,5,3,400
479000,5,4,55
479000,5,5,156
479000,5,6,355
479000,5,7,453
479000,5,8,55
479000,6,1,10215
479000,6,2,2378
479000,6,3,359
479000,6,4,1018
479000,6,5,746
479000,6,6,1307
479000,6,7,435
479000,6,8,963
479000,7,1,4256
479000,7,2,1371
479000,7,3,18
479000,7,4,1549
479000,7,5,319
479000,7,6,404
479000,7,7,21
479000,7,8,537
479000,8,1,521
479000,8,2,677
479000,8,3,23
479000,8,4,6302
479000,8,5,24
479000,8,6,100
479000,8,8,349
479000,9,1,27
479000,9,2,138
479000,9,3,12
479000,9,4,4995
479000,9,5,1
479000,9,6,6
479000,9,8,135
479000,10,2,4
479000,10,3,2
479000,10,4,1619
479000,10,6,9
479000,10,8,27
480000,1,3,2226
480000,2,3,2328
480000,3,3,1166
480000,4,1,360
480000,4,2,268
480000,4,3,310
480000,4,4,21
480000,4,5,35
480000,4,6,222
480000,4,7,526
480000,4,8,14
480000,5,1,607
480000,5,2,184
480000,5,3,89
480000,5,4,26
480000,5,5,57
480000,5,6,166
480000,5,7,91
480000,5,8,31
480000,6,1,5478
480000,6,2,1358
480000,6,3,120
480000,6,4,506
480000,6,5,342
480000,6,6,689
480000,6,7,190
480000,6,8,508
480000,7,1,2230
480000,7,2,760
480000,7,3,2
480000,7,4,821
480000,7,5,194
480000,7,6,192
480000,7,7,17
480000,7,8,340
480000,8,1,252
480000,8,2,327
480000,8,3,1
480000,8,4,2931
480000,8,5,17
480000,8,6,28
480000,8,8,240
480000,9,1,13
480000,9,2,67
480000,9,4,2490
480000,9,5,1
480000,9,6,13
480000,9,8,134
480000,10,2,2
480000,10,4,721
480000,10,8,18
482000,1,3,591
482000,2,3,721
482000,3,3,328
482000,4,1,113
482000,4,2,99
482000,4,3,93
482000,4,4,4
482000,4,5,12
482000,4,6,77
482000,4,7,185
482000,4,8,4
482000,5,1,158
482000,5,2,69
482000,5,3,24
482000,5,4,13
482000,5,5,30
482000,5,6,79
482000,5,7,27
482000,5,8,10
482000,6,1,1535
482000,6,2,540
482000,6,3,39
482000,6,4,232
482000,6,5,193
482000,6,6,282
482000,6,7,70
482000,6,8,202
482000,7,1,806
482000,7,2,380
482000,7,3,4
482000,7,4,523
482000,7,5,105
482000,7,6,102
482000,7,7,11
482000,7,8,172
482000,8,1,124
482000,8,2,199
482000,8,3,1
482000,8,4,1881
482000,8,5,12
482000,8,6,37
482000,8,8,140
482000,9,1,7
482000,9,2,58
482000,9,4,1435
482000,9,6,14
482000,9,8,71
482000,10,2,2
482000,10,4,555
482000,10,6,2
482000,10,8,14
492000,1,3,294
492000,2,3,367
492000,3,3,168
492000,4,1,44
492000,4,2,36
492000,4,3,92
492000,4,4,2
492000,4,5,3
492000,4,6,36
492000,4,7,74
492000,4,8,4
492000,5,1,81
492000,5,2,33
492000,5,3,17
492000,5,4,4
492000,5,5,7
492000,5,6,20
492000,5,7,23
492000,5,8,3
492000,6,1,640
492000,6,2,282
492000,6,3,26
492000,6,4,73
492000,6,5,67
492000,6,6,110
492000,6,7,30
492000,6,8,139
492000,7,1,410
492000,7,2,203
492000,7,3,8
492000,7,4,208
492000,7,5,44
492000,7,6,93
492000,7,7,5
492000,7,8,127
492000,8,1,49
492000,8,2,98
492000,8,3,3
492000,8,4,835
492000,8,5,4
492000,8,6,31
492000,8,8,80
492000,9,1,5
492000,9,2,13
492000,9,3,1
492000,9,4,791
492000,9,6,7
492000,9,8,42
492000,10,2,1
492000,10,4,269
492000,10,6,1
492000,10,8,6
510000,1,3,4155
510000,2,3,4302
510000,3,3,2092
510000,4,1,927
510000,4,2,645
510000,4,3,724
510000,4,4,51
510000,4,5,46
510000,4,6,383
510000,4,7,1197
510000,4,8,27
510000,5,1,1378
510000,5,2,338
510000,5,3,221
510000,5,4,74
510000,5,5,148
510000,5,6,291
510000,5,7,264
510000,5,8,72
510000,6,1,9965
510000,6,2,2343
510000,6,3,227
510000,6,4,973
510000,6,5,615
510000,6,6,1184
510000,6,7,322
510000,6,8,767
510000,7,1,4356
510000,7,2,1338
510000,7,3,11
510000,7,4,1564
510000,7,5,257
510000,7,6,286
510000,7,7,16
510000,7,8,453
510000,8,1,444
510000,8,2,619
510000,8,3,6
510000,8,4,5327
510000,8,5,24
510000,8,6,77
510000,8,8,349
510000,9,1,26
510000,9,2,128
510000,9,3,1
510000,9,4,4585
510000,9,6,15
510000,9,8,172
510000,10,1,3
510000,10,2,4
510000,10,4,1539
510000,10,6,4
510000,10,8,17
530000,1,3,2283
530000,2,3,2242
530000,3,3,1053
530000,4,1,425
530000,4,2,301
530000,4,3,230
530000,4,4,21
530000,4,5,33
530000,4,6,163
530000,4,7,691
530000,4,8,18
530000,5,1,717
530000,5,2,182
530000,5,3,78
530000,5,4,25
530000,5,5,59
530000,5,6,133
530000,5,7,131
530000,5,8,24
530000,6,1,5441
530000,6,2,1238
530000,6,3,112
530000,6,4,475
530000,6,5,266
530000,6,6,518
530000,6,7,160
530000,6,8,349
530000,7,1,2052
530000,7,2,629
530000,7,3,8
530000,7,4,633
530000,7,5,121
530000,7,6,128
530000,7,7,14
530000,7,8,178
530000,8,1,236
530000,8,2,324
530000,8,3,2
530000,8,4,2249
530000,8,5,6
530000,8,6,36
530000,8,8,162
530000,9,1,7
530000,9,2,66
530000,9,4,1998
530000,9,6,3
530000,9,8,95
530000,10,2,1
530000,10,4,690
530000,10,6,3
530000,10,8,14
540000,1,3,5401
540000,2,3,5689
540000,3,3,2707
540000,4,1,1155
540000,4,2,852
540000,4,3,1116
540000,4,4,62
540000,4,5,129
540000,4,6,511
540000,4,7,1714
540000,4,8,28
540000,5,1,1720
540000,5,2,432
540000,5,3,302
540000,5,4,88
540000,5,5,210
540000,5,6,332
540000,5,7,369
540000,5,8,55
540000,6,1,13517
540000,6,2,2892
540000,6,3,334
540000,6,4,1503
540000,6,5,787
540000,6,6,1407
540000,6,7,440
540000,6,8,750
540000,7,1,5818
540000,7,2,1599
540000,7,3,23
540000,7,4,2200
540000,7,5,354
540000,7,6,525
540000,7,7,34
540000,7,8,497
540000,8,1,506
540000,8,2,676
540000,8,3,12
540000,8,4,7276
540000,8,5,22
540000,8,6,187
540000,8,8,322
540000,9,1,19
540000,9,2,155
540000,9,3,2
540000,9,4,7058
540000,9,6,31
540000,9,8,157
540000,10,1,1
540000,10,2,8
540000,10,4,2367
540000,10,6,11
540000,10,8,17
550000,1,3,2769
550000,2,3,2807
550000,3,3,1296
550000,4,1,588
550000,4,2,387
550000,4,3,336
550000,4,4,31
550000,4,5,38
550000,4,6,269
550000,4,7,767
550000,4,8,19
550000,5,1,840
550000,5,2,237
550000,5,3,85
550000,5,4,37
550000,5,5,64
550000,5,6,229
550000,5,7,133
550000,5,8,55
550000,6,1,5517
550000,6,2,1749
550000,6,3,131
550000,6,4,680
550000,6,5,362
550000,6,6,840
550000,6,7,174
550000,6,8,619
550000,7,1,2669
550000,7,2,1099
550000,7,3,12
550000,7,4,1142
550000,7,5,189
550000,7,6,321
550000,7,7,12
550000,7,8,499
550000,8,1,333
550000,8,2,519
550000,8,3,4
550000,8,4,3970
550000,8,5,17
550000,8,6,102
550000,8,8,366
550000,9,1,16
550000,9,2,102
550000,9,3,1
550000,9,4,3160
550000,9,6,13
550000,9,8,156
550000,10,1,1
550000,10,2,4
550000,10,4,1084
550000,10,6,8
550000,10,8,20
561000,1,3,9700
561000,2,3,8910
561000,3,3,3958
561000,4,1,1960
561000,4,2,1483
561000,4,3,1753
561000,4,4,68
561000,4,5,161
561000,4,6,779
561000,4,7,3370
561000,4,8,39
561000,5,1,3650
561000,5,2,891
561000,5,3,693
561000,5,4,161
561000,5,5,357
561000,5,6,588
561000,5,7,869
561000,5,8,107
561000,6,1,21822
561000,6,2,4983
561000,6,3,628
561000,6,4,1948
561000,6,5,1249
561000,6,6,2132
561000,6,7,811
561000,6,8,1259
561000,7,1,8350
561000,7,2,2613
561000,7,3,16
561000,7,4,2981
561000,7,5,496
561000,7,6,714
561000,7,7,44
561000,7,8,743
561000,8,1,888
561000,8,2,1212
561000,8,3,9
561000,8,4,10654
561000,8,5,29
561000,8,6,147
561000,8,8,497
561000,9,1,50
561000,9,2,267
561000,9,4,8772
561000,9,5,1
561000,9,6,23
561000,9,8,228
561000,10,2,9
561000,10,4,2646
561000,10,6,8
561000,10,8,32
563000,1,3,218
563000,2,3,241
563000,3,3,121
563000,4,1,16
563000,4,2,22
563000,4,3,37
563000,4,6,15
563000,4,7,55
563000,4,8,1
563000,5,1,34
563000,5,2,12
563000,5,3,3
563000,5,5,3
563000,5,6,5
563000,5,7,5
563000,5,8,2
563000,6,1,464
563000,6,2,146
563000,6,3,12
563000,6,4,29
563000,6,5,26
563000,6,6,55
563000,6,7,17
563000,6,8,76
563000,7,1,236
563000,7,2,91
563000,7,3,1
563000,7,4,91
563000,7,5,27
563000,7,6,36
563000,7,7,1
563000,7,8,42
563000,8,1,48
563000,8,2,67
563000,8,4,504
563000,8,5,6
563000,8,6,16
563000,8,8,50
563000,9,1,2
563000,9,2,17
563000,9,4,433
563000,9,6,5
563000,9,8,21
563000,10,2,1
563000,10,4,116
563000,10,8,2
573000,1,3,4155
573000,2,3,4038
573000,3,3,1835
573000,4,1,864
573000,4,2,529
573000,4,3,418
573000,4,4,29
573000,4,5,55
573000,4,6,308
573000,4,7,1184
573000,4,8,14
573000,5,1,1329
573000,5,2,310
573000,5,3,123
573000,5,4,50
573000,5,5,121
573000,5,6,273
573000,5,7,198
573000,5,8,53
573000,6,1,9284
573000,6,2,2273
573000,6,3,158
573000,6,4,798
573000,6,5,485
573000,6,6,850
573000,6,7,266
573000,6,8,684
573000,7,1,3946
573000,7,2,1269
573000,7,3,6
573000,7,4,1157
573000,7,5,188
573000,7,6,262
573000,7,7,10
573000,7,8,503
573000,8,1,510
573000,8,2,770
573000,8,3,3
573000,8,4,4452
573000,8,5,18
573000,8,6,81
573000,8,8,417
573000,9,1,24
573000,9,2,139
573000,9,4,3843
573000,9,6,18
573000,9,8,213
573000,10,1,1
573000,10,2,2
573000,10,4,1450
573000,10,6,5
573000,10,8,24
575000,1,3,3707
575000,2,3,3617
575000,3,3,1624
575000,4,1,844
575000,4,2,432
575000,4,3,448
575000,4,4,30
575000,4,5,44
575000,4,6,303
575000,4,7,915
575000,4,8,19
575000,5,1,1207
575000,5,2,284
575000,5,3,104
575000,5,4,36
575000,5,5,103
575000,5,6,211
575000,5,7,141
575000,5,8,53
575000,6,1,8678
575000,6,2,2030
575000,6,3,142
575000,6,4,640
575000,6,5,345
575000,6,6,735
575000,6,7,271
575000,6,8,631
575000,7,1,3229
575000,7,2,1031
575000,7,3,5
575000,7,4,904
575000,7,5,122
575000,7,6,216
575000,7,7,6
575000,7,8,409
575000,8,1,378
575000,8,2,504
575000,8,3,2
575000,8,4,3415
575000,8,5,8
575000,8,6,59
575000,8,8,337
575000,9,1,13
575000,9,2,117
575000,9,3,1
575000,9,4,3184
575000,9,6,6
575000,9,8,175
575000,10,2,4
575000,10,4,1170
575000,10,6,3
575000,10,8,28
580000,1,3,4606
580000,2,3,4569
580000,3,3,2241
580000,4,1,990
580000,4,2,573
580000,4,3,757
580000,4,4,59
580000,4,5,73
580000,4,6,395
580000,4,7,1303
580000,4,8,28
580000,5,1,1303
580000,5,2,379
580000,5,3,153
580000,5,4,79
580000,5,5,131
580000,5,6,297
580000,5,7,247
580000,5,8,65
580000,6,1,10255
580000,6,2,2561
580000,6,3,276
580000,6,4,1183
580000,6,5,562
580000,6,6,1341
580000,6,7,342
580000,6,8,780
580000,7,1,4299
580000,7,2,1571
580000,7,3,24
580000,7,4,1602
580000,7,5,217
580000,7,6,580
580000,7,7,20
580000,7,8,484
580000,8,1,479
580000,8,2,658
580000,8,3,15
580000,8,4,5848
580000,8,5,22
580000,8,6,218
580000,8,8,384
580000,9,1,26
580000,9,2,130
580000,9,3,5
580000,9,4,5011
580000,9,6,55
580000,9,8,165
580000,10,1,1
580000,10,2,6
580000,10,4,1597
580000,10,6,18
580000,10,8,19
607000,1,3,4110
607000,2,3,4053
607000,3,3,1858
607000,4,1,852
607000,4,2,665
607000,4,3,729
607000,4,4,29
607000,4,5,56
607000,4,6,345
607000,4,7,1242
607000,4,8,34
607000,5,1,1421
607000,5,2,342
607000,5,3,239
607000,5,4,84
607000,5,5,156
607000,5,6,341
607000,5,7,304
607000,5,8,46
607000,6,1,10336
607000,6,2,1991
607000,6,3,336
607000,6,4,948
607000,6,5,673
607000,6,6,1245
607000,6,7,437
607000,6,8,568
607000,7,1,4135
607000,7,2,1034
607000,7,3,7
607000,7,4,1289
607000,7,5,278
607000,7,6,364
607000,7,7,19
607000,7,8,285
607000,8,1,391
607000,8,2,461
607000,8,3,4
607000,8,4,4565
607000,8,5,20
607000,8,6,57
607000,8,8,137
607000,9,1,17
607000,9,2,102
607000,9,3,3
607000,9,4,4257
607000,9,6,16
607000,9,8,61
607000,10,2,1
607000,10,3,1
607000,10,4,1218
607000,10,5,1
607000,10,6,4
607000,10,8,7
615000,1,3,8988
615000,2,3,7897
615000,3,3,3440
615000,4,1,1818
615000,4,2,1215
615000,4,3,1567
615000,4,4,62
615000,4,5,210
615000,4,6,763
615000,4,7,2886
615000,4,8,43
615000,5,1,3242
615000,5,2,716
615000,5,3,484
615000,5,4,110
615000,5,5,368
615000,5,6,558
615000,5,7,706
615000,5,8,94
615000,6,1,20418
615000,6,2,4427
615000,6,3,491
615000,6,4,1683
615000,6,5,1176
615000,6,6,1724
615000,6,7,571
615000,6,8,1083
615000,7,1,6204
615000,7,2,1839
615000,7,3,12
615000,7,4,2233
615000,7,5,426
615000,7,6,399
615000,7,7,17
615000,7,8,536
615000,8,1,680
615000,8,2,862
615000,8,3,7
615000,8,4,7488
615000,8,5,26
615000,8,6,112
615000,8,8,354
615000,9,1,30
615000,9,2,162
615000,9,3,2
615000,9,4,6198
615000,9,6,18
615000,9,8,179
615000,10,1,1
615000,10,2,6
615000,10,4,1905
615000,10,6,22
615000,10,8,24
621000,1,3,8145
621000,2,3,7901
621000,3,3,3558
621000,4,1,1560
621000,4,2,1314
621000,4,3,1510
621000,4,4,65
621000,4,5,80
621000,4,6,616
621000,4,7,2798
621000,4,8,47
621000,5,1,2935
621000,5,2,729
621000,5,3,505
621000,5,4,61
621000,5,5,259
621000,5,6,447
621000,5,7,676
621000,5,8,105
621000,6,1,19889
621000,6,2,3850
621000,6,3,498
621000,6,4,1301
621000,6,5,988
621000,6,6,1806
621000,6,7,597
621000,6,8,1204
621000,7,1,6782
621000,7,2,1827
621000,7,3,12
621000,7,4,1945
621000,7,5,436
621000,7,6,560
621000,7,7,17
621000,7,8,675
621000,8,1,724
621000,8,2,912
621000,8,3,9
621000,8,4,7473
621000,8,5,32
621000,8,6,121
621000,8,8,445
621000,9,1,54
621000,9,2,190
621000,9,3,6
621000,9,4,6623
621000,9,5,2
621000,9,6,22
621000,9,8,187
621000,10,1,1
621000,10,2,8
621000,10,4,1982
621000,10,6,9
621000,10,8,28
630000,1,3,11167
630000,2,3,9989
630000,3,3,4563
630000,4,1,2271
630000,4,2,1429
630000,4,3,1749
630000,4,4,71
630000,4,5,157
630000,4,6,853
630000,4,7,3084
630000,4,8,74
630000,5,1,3819
630000,5,2,809
630000,5,3,503
630000,5,4,123
630000,5,5,355
630000,5,6,605
630000,5,7,787
630000,5,8,137
630000,6,1,25674
630000,6,2,5039
630000,6,3,577
630000,6,4,1766
630000,6,5,1231
630000,6,6,2358
630000,6,7,749
630000,6,8,1674
630000,7,1,9027
630000,7,2,2334
630000,7,3,28
630000,7,4,2494
630000,7,5,456
630000,7,6,651
630000,7,7,37
630000,7,8,862
630000,8,1,911
630000,8,2,1076
630000,8,3,11
630000,8,4,9254
630000,8,5,36
630000,8,6,124
630000,8,8,620
630000,9,1,43
630000,9,2,230
630000,9,3,3
630000,9,4,8205
630000,9,5,2
630000,9,6,17
630000,9,8,313
630000,10,1,2
630000,10,2,7
630000,10,4,2545
630000,10,6,8
630000,10,8,42
657000,1,3,7878
657000,2,3,7399
657000,3,3,3458
657000,4,1,1813
657000,4,2,1174
657000,4,3,1264
657000,4,4,50
657000,4,5,106
657000,4,6,592
657000,4,7,2583
657000,4,8,31
657000,5,1,2818
657000,5,2,659
657000,5,3,379
657000,5,4,63
657000,5,5,225
657000,5,6,445
657000,5,7,597
657000,5,8,88
657000,6,1,18078
657000,6,2,4097
657000,6,3,412
657000,6,4,1409
657000,6,5,838
657000,6,6,1489
657000,6,7,564
657000,6,8,1008
657000,7,1,6438
657000,7,2,1951
657000,7,3,8
657000,7,4,2162
657000,7,5,319
657000,7,6,412
657000,7,7,21
657000,7,8,611
657000,8,1,698
657000,8,2,990
657000,8,3,7
657000,8,4,7277
657000,8,5,17
657000,8,6,87
657000,8,8,481
657000,9,1,39
657000,9,2,203
657000,9,3,4
657000,9,4,6347
657000,9,6,13
657000,9,8,232
657000,10,1,1
657000,10,2,13
657000,10,3,1
657000,10,4,2069
657000,10,6,7
657000,10,8,26
661000,1,3,5338
661000,2,3,4833
661000,3,3,2326
661000,4,1,1161
661000,4,2,712
661000,4,3,839
661000,4,4,29
661000,4,5,68
661000,4,6,352
661000,4,7,1758
661000,4,8,16
661000,5,1,1739
661000,5,2,416
661000,5,3,240
661000,5,4,52
661000,5,5,142
661000,5,6,263
661000,5,7,428
661000,5,8,65
661000,6,1,11255
661000,6,2,2659
661000,6,3,259
661000,6,4,777
661000,6,5,506
661000,6,6,1005
661000,6,7,401
661000,6,8,785
661000,7,1,4193
661000,7,2,1300
661000,7,3,10
661000,7,4,1275
661000,7,5,236
661000,7,6,288
661000,7,7,30
661000,7,8,462
661000,8,1,450
661000,8,2,668
661000,8,3,10
661000,8,4,5080
661000,8,5,17
661000,8,6,78
661000,8,8,368
661000,9,1,17
661000,9,2,141
661000,9,3,5
661000,9,4,4286
661000,9,5,1
661000,9,6,16
661000,9,8,176
661000,10,2,7
661000,10,4,1406
661000,10,6,4
661000,10,8,29
665000,1,3,1378
665000,2,3,1330
665000,3,3,684
665000,4,1,315
665000,4,2,216
665000,4,3,197
665000,4,4,7
665000,4,5,29
665000,4,6,99
665000,4,7,492
665000,4,8,7
665000,5,1,403
665000,5,2,103
665000,5,3,39
665000,5,4,19
665000,5,5,54
665000,5,6,82
665000,5,7,61
665000,5,8,24
665000,6,1,3020
665000,6,2,972
665000,6,3,53
665000,6,4,322
665000,6,5,197
665000,6,6,246
665000,6,7,104
665000,6,8,299
665000,7,1,1610
665000,7,2,620
665000,7,3,2
665000,7,4,531
665000,7,5,104
665000,7,6,93
665000,7,7,8
665000,7,8,231
665000,8,1,205
665000,8,2,259
665000,8,3,3
665000,8,4,2103
665000,8,5,10
665000,8,6,27
665000,8,8,175
665000,9,1,5
665000,9,2,52
665000,9,3,4
665000,9,4,1866
665000,9,6,1
665000,9,8,94
665000,10,2,5
665000,10,3,1
665000,10,4,587
665000,10,6,2
665000,10,8,18
671000,1,3,1440
671000,2,3,1482
671000,3,3,871
671000,4,1,327
671000,4,2,167
671000,4,3,269
671000,4,4,14
671000,4,5,30
671000,4,6,152
671000,4,7,497
671000,4,8,8
671000,5,1,428
671000,5,2,110
671000,5,3,47
671000,5,4,21
671000,5,5,46
671000,5,6,100
671000,5,7,82
671000,5,8,23
671000,6,1,3509
671000,6,2,891
671000,6,3,80
671000,6,4,323
671000,6,5,207
671000,6,6,362
671000,6,7,112
671000,6,8,313
671000,7,1,1591
671000,7,2,505
671000,7,3,4
671000,7,4,591
671000,7,5,113
671000,7,6,141
671000,7,7,10
671000,7,8,168
671000,8,1,197
671000,8,2,249
671000,8,3,1
671000,8,4,2321
671000,8,5,8
671000,8,6,26
671000,8,8,174
671000,9,1,8
671000,9,2,57
671000,9,3,1
671000,9,4,1990
671000,9,6,5
671000,9,8,89
671000,10,2,2
671000,10,4,615
671000,10,6,2
671000,10,8,16
706000,1,3,3728
706000,2,3,3393
706000,3,3,1588
706000,4,1,473
706000,4,2,438
706000,4,3,583
706000,4,4,29
706000,4,5,44
706000,4,6,276
706000,4,7,764
706000,4,8,23
706000,5,1,761
706000,5,2,210
706000,5,3,135
706000,5,4,38
706000,5,5,89
706000,5,6,187
706000,5,7,147
706000,5,8,46
706000,6,1,8138
706000,6,2,1880
706000,6,3,178
706000,6,4,573
706000,6,5,497
706000,6,6,727
706000,6,7,219
706000,6,8,786
706000,7,1,3547
706000,7,2,1062
706000,7,3,5
706000,7,4,970
706000,7,5,218
706000,7,6,309
706000,7,7,16
706000,7,8,498
706000,8,1,463
706000,8,2,582
706000,8,4,4499
706000,8,5,31
706000,8,6,68
706000,8,8,434
706000,9,1,25
706000,9,2,145
706000,9,3,2
706000,9,4,3962
706000,9,5,1
706000,9,6,20
706000,9,8,224
706000,10,1,1
706000,10,2,8
706000,10,4,1134
706000,10,6,8
706000,10,8,26
707000,1,3,2557
707000,2,3,2469
707000,3,3,1362
707000,4,1,495
707000,4,2,325
707000,4,3,709
707000,4,4,29
707000,4,5,44
707000,4,6,267
707000,4,7,744
707000,4,8,24
707000,5,1,861
707000,5,2,235
707000,5,3,150
707000,5,4,46
707000,5,5,104
707000,5,6,179
707000,5,7,154
707000,5,8,52
707000,6,1,6174
707000,6,2,1606
707000,6,3,169
707000,6,4,698
707000,6,5,420
707000,6,6,652
707000,6,7,228
707000,6,8,521
707000,7,1,2959
707000,7,2,931
707000,7,3,10
707000,7,4,1164
707000,7,5,215
707000,7,6,202
707000,7,7,19
707000,7,8,389
707000,8,1,405
707000,8,2,485
707000,8,3,4
707000,8,4,3968
707000,8,5,18
707000,8,6,48
707000,8,8,314
707000,9,1,18
707000,9,2,95
707000,9,3,6
707000,9,4,3205
707000,9,6,11
707000,9,8,146
707000,10,2,4
707000,10,4,1062
707000,10,6,3
707000,10,8,21
710000,1,3,4933
710000,2,3,4663
710000,3,3,2198
710000,4,1,707
710000,4,2,493
710000,4,3,618
710000,4,4,19
710000,4,5,54
710000,4,6,269
710000,4,7,958
710000,4,8,22
710000,5,1,1078
710000,5,2,221
710000,5,3,113
710000,5,4,41
710000,5,5,126
710000,5,6,176
710000,5,7,165
710000,5,8,42
710000,6,1,11646
710000,6,2,2225
710000,6,3,161
710000,6,4,554
710000,6,5,469
710000,6,6,663
710000,6,7,238
710000,6,8,722
710000,7,1,3677
710000,7,2,980
710000,7,3,2
710000,7,4,807
710000,7,5,160
710000,7,6,208
710000,7,7,10
710000,7,8,369
710000,8,1,421
710000,8,2,491
710000,8,3,3
710000,8,4,3679
710000,8,5,16
710000,8,6,41
710000,8,8,287
710000,9,1,22
710000,9,2,110
710000,9,3,1
710000,9,4,3378
710000,9,5,2
710000,9,6,4
710000,9,8,143
710000,10,2,7
710000,10,4,989
710000,10,6,6
710000,10,8,19
727000,1,3,2062
727000,2,3,1903
727000,3,3,918
727000,4,1,291
727000,4,2,276
727000,4,3,301
727000,4,4,16
727000,4,5,24
727000,4,6,154
727000,4,7,458
727000,4,8,8
727000,5,1,370
727000,5,2,110
727000,5,3,71
727000,5,4,16
727000,5,5,46
727000,5,6,102
727000,5,7,69
727000,5,8,21
727000,6,1,4614
727000,6,2,1052
727000,6,3,89
727000,6,4,287
727000,6,5,225
727000,6,6,363
727000,6,7,101
727000,6,8,347
727000,7,1,1973
727000,7,2,601
727000,7,3,1
727000,7,4,476
727000,7,5,84
727000,7,6,158
727000,7,7,2
727000,7,8,219
727000,8,1,231
727000,8,2,337
727000,8,3,2
727000,8,4,2305
727000,8,5,6
727000,8,6,35
727000,8,8,148
727000,9,1,6
727000,9,2,61
727000,9,4,1949
727000,9,5,1
727000,9,6,2
727000,9,8,70
727000,10,2,5
727000,10,4,650
727000,10,6,5
727000,10,8,6
730000,1,3,8331
730000,2,3,7653
730000,3,3,3551
730000,4,1,1569
730000,4,2,1254
730000,4,3,1496
730000,4,4,32
730000,4,5,213
730000,4,6,770
730000,4,7,2594
730000,4,8,50
730000,5,1,2999
730000,5,2,667
730000,5,3,510
730000,5,4,80
730000,5,5,435
730000,5,6,675
730000,5,7,729
730000,5,8,117
730000,6,1,19466
730000,6,2,4458
730000,6,3,497
730000,6,4,1827
730000,6,5,1197
730000,6,6,2424
730000,6,7,694
730000,6,8,1249
730000,7,1,7035
730000,7,2,2165
730000,7,3,14
730000,7,4,2417
730000,7,5,476
730000,7,6,587
730000,7,7,44
730000,7,8,586
730000,8,1,716
730000,8,2,904
730000,8,3,6
730000,8,4,8531
730000,8,5,51
730000,8,6,106
730000,8,8,394
730000,9,1,35
730000,9,2,198
730000,9,3,4
730000,9,4,7545
730000,9,5,2
730000,9,6,16
730000,9,8,216
730000,10,2,11
730000,10,4,2291
730000,10,6,10
730000,10,8,31
740000,1,3,9854
740000,2,3,8072
740000,3,3,3905
740000,4,1,1511
740000,4,2,1132
740000,4,3,1372
740000,4,4,51
740000,4,5,98
740000,4,6,638
740000,4,7,2377
740000,4,8,56
740000,5,1,2850
740000,5,2,589
740000,5,3,361
740000,5,4,82
740000,5,5,282
740000,5,6,423
740000,5,7,537
740000,5,8,105
740000,6,1,21367
740000,6,2,4189
740000,6,3,412
740000,6,4,1303
740000,6,5,1179
740000,6,6,1549
740000,6,7,592
740000,6,8,1402
740000,7,1,7395
740000,7,2,1999
740000,7,3,14
740000,7,4,2004
740000,7,5,386
740000,7,6,462
740000,7,7,40
740000,7,8,772
740000,8,1,802
740000,8,2,1013
740000,8,3,5
740000,8,4,8213
740000,8,5,35
740000,8,6,110
740000,8,8,600
740000,9,1,38
740000,9,2,180
740000,9,3,4
740000,9,4,6678
740000,9,6,17
740000,9,8,295
740000,10,1,2
740000,10,2,11
740000,10,3,1
740000,10,4,2007
740000,10,6,5
740000,10,8,25
741000,1,3,244
741000,2,3,232
741000,3,3,101
741000,4,1,31
741000,4,2,26
741000,4,3,18
741000,4,6,20
741000,4,7,17
741000,4,8,2
741000,5,1,47
741000,5,2,15
741000,5,3,6
741000,5,5,3
741000,5,6,13
741000,5,7,9
741000,5,8,3
741000,6,1,467
741000,6,2,213
741000,6,3,4
741000,6,4,41
741000,6,5,42
741000,6,6,69
741000,6,7,15
741000,6,8,98
741000,7,1,268
741000,7,2,133
741000,7,3,2
741000,7,4,129
741000,7,5,35
741000,7,6,38
741000,7,7,1
741000,7,8,92
741000,8,1,44
741000,8,2,66
741000,8,4,523
741000,8,5,1
741000,8,6,9
741000,8,8,64
741000,9,1,3
741000,9,2,13
741000,9,4,421
741000,9,6,5
741000,9,8,24
741000,10,2,2
741000,10,4,156
741000,10,6,3
741000,10,8,6
746000,1,3,7501
746000,2,3,6131
746000,3,3,2790
746000,4,1,773
746000,4,2,685
746000,4,3,792
746000,4,4,42
746000,4,5,58
746000,4,6,351
746000,4,7,1298
746000,4,8,21
746000,5,1,1214
746000,5,2,227
746000,5,3,139
746000,5,4,63
746000,5,5,126
746000,5,6,176
746000,5,7,186
746000,5,8,43
746000,6,1,15676
746000,6,2,2688
746000,6,3,214
746000,6,4,708
746000,6,5,649
746000,6,6,842
746000,6,7,308
746000,6,8,988
746000,7,1,4943
746000,7,2,1246
746000,7,3,9
746000,7,4,1007
746000,7,5,266
746000,7,6,236
746000,7,7,15
746000,7,8,457
746000,8,1,533
746000,8,2,666
746000,8,3,3
746000,8,4,4933
746000,8,5,14
746000,8,6,75
746000,8,8,343
746000,9,1,25
746000,9,2,147
746000,9,3,1
746000,9,4,4144
746000,9,5,1
746000,9,6,6
746000,9,8,170
746000,10,1,3
746000,10,2,7
746000,10,4,1170
746000,10,6,7
746000,10,8,22
751000,1,3,30273
751000,2,3,23780
751000,3,3,10367
751000,4,1,6885
751000,4,2,9484
751000,4,3,14992
751000,4,4,162
751000,4,5,702
751000,4,6,3266
751000,4,7,18421
751000,4,8,314
751000,5,1,18830
751000,5,2,4869
751000,5,3,6867
751000,5,4,267
751000,5,5,2491
751000,5,6,2800
751000,5,7,8725
751000,5,8,544
751000,6,1,65128
751000,6,2,13393
751000,6,3,2381
751000,6,4,5655
751000,6,5,4727
751000,6,6,7709
751000,6,7,2699
751000,6,8,4177
751000,7,1,19080
751000,7,2,5557
751000,7,3,43
751000,7,4,7261
751000,7,5,1239
751000,7,6,1522
751000,7,7,89
751000,7,8,1991
751000,8,1,2516
751000,8,2,2639
751000,8,3,22
751000,8,4,22747
751000,8,5,122
751000,8,6,369
751000,8,8,1215
751000,9,1,107
751000,9,2,515
751000,9,3,14
751000,9,4,18111
751000,9,5,3
751000,9,6,72
751000,9,8,444
751000,10,1,15
751000,10,2,29
751000,10,3,1
751000,10,4,5826
751000,10,6,45
751000,10,8,40
756000,1,3,3696
756000,2,3,3710
756000,3,3,1686
756000,4,1,759
756000,4,2,415
756000,4,3,546
756000,4,4,20
756000,4,5,86
756000,4,6,329
756000,4,7,912
756000,4,8,15
756000,5,1,1192
756000,5,2,250
756000,5,3,96
756000,5,4,35
756000,5,5,125
756000,5,6,235
756000,5,7,195
756000,5,8,44
756000,6,1,8613
756000,6,2,1928
756000,6,3,179
756000,6,4,601
756000,6,5,514
756000,6,6,990
756000,6,7,267
756000,6,8,537
756000,7,1,3013
756000,7,2,971
756000,7,3,3
756000,7,4,942
756000,7,5,160
756000,7,6,247
756000,7,7,15
756000,7,8,323
756000,8,1,351
756000,8,2,456
756000,8,3,2
756000,8,4,3509
756000,8,5,12
756000,8,6,57
756000,8,8,266
756000,9,1,28
756000,9,2,93
756000,9,3,1
756000,9,4,2998
756000,9,6,4
756000,9,8,154
756000,10,1,1
756000,10,2,3
756000,10,3,1
756000,10,4,929
756000,10,6,5
756000,10,8,19
760000,1,3,4576
760000,2,3,4469
760000,3,3,2339
760000,4,1,1126
760000,4,2,610
760000,4,3,545
760000,4,4,39
760000,4,5,74
760000,4,6,398
760000,4,7,1434
760000,4,8,21
760000,5,1,1510
760000,5,2,397
760000,5,3,114
760000,5,4,63
760000,5,5,112
760000,5,6,267
760000,5,7,214
760000,5,8,37
760000,6,1,10145
760000,6,2,2806
760000,6,3,140
760000,6,4,858
760000,6,5,491
760000,6,6,879
760000,6,7,279
760000,6,8,812
760000,7,1,4229
760000,7,2,1476
760000,7,3,8
760000,7,4,1388
760000,7,5,192
760000,7,6,284
760000,7,7,19
760000,7,8,568
760000,8,1,499
760000,8,2,800
760000,8,3,3
760000,8,4,5083
760000,8,5,24
760000,8,6,82
760000,8,8,463
760000,9,1,23
760000,9,2,138
760000,9,3,2
760000,9,4,4442
760000,9,5,1
760000,9,6,10
760000,9,8,230
760000,10,2,5
760000,10,4,1591
760000,10,6,8
760000,10,8,24
766000,1,3,4051
766000,2,3,3989
766000,3,3,1966
766000,4,1,769
766000,4,2,489
766000,4,3,476
766000,4,4,55
766000,4,5,107
766000,4,6,280
766000,4,7,1031
766000,4,8,22
766000,5,1,1288
766000,5,2,275
766000,5,3,102
766000,5,4,45
766000,5,5,127
766000,5,6,174
766000,5,7,144
766000,5,8,50
766000,6,1,10161
766000,6,2,2348
766000,6,3,133
766000,6,4,564
766000,6,5,558
766000,6,6,576
766000,6,7,225
766000,6,8,703
766000,7,1,3929
766000,7,2,1151
766000,7,3,4
766000,7,4,887
766000,7,5,228
766000,7,6,229
766000,7,7,8
766000,7,8,423
766000,8,1,481
766000,8,2,581
766000,8,3,3
766000,8,4,3761
766000,8,5,9
766000,8,6,68
766000,8,8,325
766000,9,1,27
766000,9,2,111
766000,9,4,3310
766000,9,6,10
766000,9,8,166
766000,10,1,1
766000,10,2,8
766000,10,4,1157
766000,10,6,3
766000,10,8,22
773000,1,3,1436
773000,2,3,1468
773000,3,3,762
773000,4,1,310
773000,4,2,173
773000,4,3,213
773000,4,4,13
773000,4,5,34
773000,4,6,145
773000,4,7,478
773000,4,8,9
773000,5,1,478
773000,5,2,125
773000,5,3,43
773000,5,4,24
773000,5,5,51
773000,5,6,102
773000,5,7,75
773000,5,8,14
773000,6,1,3161
773000,6,2,940
773000,6,3,70
773000,6,4,390
773000,6,5,195
773000,6,6,277
773000,6,7,105
773000,6,8,290
773000,7,1,1457
773000,7,2,580
773000,7,3,8
773000,7,4,637
773000,7,5,121
773000,7,6,89
773000,7,7,4
773000,7,8,197
773000,8,1,154
773000,8,2,265
773000,8,4,2182
773000,8,5,5
773000,8,6,36
773000,8,8,210
773000,9,1,14
773000,9,2,53
773000,9,4,1791
773000,9,6,2
773000,9,8,105
773000,10,2,3
773000,10,4,621
773000,10,6,2
773000,10,8,14
779000,1,3,3175
779000,2,3,3434
779000,3,3,1652
779000,4,1,783
779000,4,2,503
779000,4,3,560
779000,4,4,45
779000,4,5,80
779000,4,6,317
779000,4,7,999
779000,4,8,19
779000,5,1,1061
779000,5,2,324
779000,5,3,135
779000,5,4,66
779000,5,5,104
779000,5,6,205
779000,5,7,224
779000,5,8,37
779000,6,1,8038
779000,6,2,1959
779000,6,3,166
779000,6,4,976
779000,6,5,388
779000,6,6,645
779000,6,7,277
779000,6,8,562
779000,7,1,3648
779000,7,2,1098
779000,7,3,11
779000,7,4,1263
779000,7,5,183
779000,7,6,208
779000,7,7,24
779000,7,8,376
779000,8,1,414
779000,8,2,623
779000,8,3,3
779000,8,4,4513
779000,8,5,11
779000,8,6,67
779000,8,8,351
779000,9,1,18
779000,9,2,127
779000,9,4,3879
779000,9,5,2
779000,9,6,6
779000,9,8,174
779000,10,1,3
779000,10,2,6
779000,10,4,1299
779000,10,6,2
779000,10,8,26
787000,1,3,3536
787000,2,3,3293
787000,3,3,1622
787000,4,1,643
787000,4,2,523
787000,4,3,491
787000,4,4,34
787000,4,5,74
787000,4,6,251
787000,4,7,1066
787000,4,8,27
787000,5,1,1046
787000,5,2,341
787000,5,3,109
787000,5,4,33
787000,5,5,112
787000,5,6,195
787000,5,7,182
787000,5,8,41
787000,6,1,7129
787000,6,2,2232
787000,6,3,187
787000,6,4,754
787000,6,5,385
787000,6,6,708
787000,6,7,260
787000,6,8,710
787000,7,1,3021
787000,7,2,1220
787000,7,3,6
787000,7,4,1220
787000,7,5,214
787000,7,6,253
787000,7,7,26
787000,7,8,504
787000,8,1,302
787000,8,2,581
787000,8,3,4
787000,8,4,4393
787000,8,5,19
787000,8,6,80
787000,8,8,510
787000,9,1,12
787000,9,2,92
787000,9,3,2
787000,9,4,3524
787000,9,6,19
787000,9,8,238
787000,10,2,4
787000,10,3,1
787000,10,4,1111
787000,10,6,3
787000,10,8,40
791000,1,3,8089
791000,2,3,8369
791000,3,3,4008
791000,4,1,1540
791000,4,2,1059
791000,4,3,1584
791000,4,4,55
791000,4,5,154
791000,4,6,655
791000,4,7,2372
791000,4,8,41
791000,5,1,2570
791000,5,2,614
791000,5,3,464
791000,5,4,110
791000,5,5,329
791000,5,6,493
791000,5,7,566
791000,5,8,93
791000,6,1,19273
791000,6,2,4123
791000,6,3,439
791000,6,4,1767
791000,6,5,894
791000,6,6,1625
791000,6,7,673
791000,6,8,1319
791000,7,1,7552
791000,7,2,2013
791000,7,3,20
791000,7,4,2239
791000,7,5,338
791000,7,6,416
791000,7,7,28
791000,7,8,794
791000,8,1,846
791000,8,2,1157
791000,8,3,9
791000,8,4,8119
791000,8,5,33
791000,8,6,108
791000,8,8,711
791000,9,1,43
791000,9,2,212
791000,9,3,3
791000,9,4,7035
791000,9,5,2
791000,9,6,11
791000,9,8,340
791000,10,2,12
791000,10,3,1
791000,10,4,2354
791000,10,6,11
791000,10,8,44
810000,1,3,3252
810000,2,3,3079
810000,3,3,1458
810000,4,1,474
810000,4,2,335
810000,4,3,475
810000,4,4,26
810000,4,5,51
810000,4,6,194
810000,4,7,721
810000,4,8,24
810000,5,1,915
810000,5,2,204
810000,5,3,127
810000,5,4,47
810000,5,5,106
810000,5,6,137
810000,5,7,144
810000,5,8,32
810000,6,1,7167
810000,6,2,1500
810000,6,3,179
810000,6,4,605
810000,6,5,489
810000,6,6,570
810000,6,7,201
810000,6,8,554
810000,7,1,2777
810000,7,2,779
810000,7,3,3
810000,7,4,859
810000,7,5,192
810000,7,6,177
810000,7,7,16
810000,7,8,320
810000,8,1,266
810000,8,2,366
810000,8,3,8
810000,8,4,3280
810000,8,5,15
810000,8,6,58
810000,8,8,237
810000,9,1,13
810000,9,2,62
810000,9,3,7
810000,9,4,2861
810000,9,6,6
810000,9,8,123
810000,10,1,1
810000,10,2,3
810000,10,3,1
810000,10,4,1016
810000,10,6,1
810000,10,8,27
813000,1,3,4108
813000,2,3,4016
813000,3,3,1987
813000,4,1,663
813000,4,2,573
813000,4,3,664
813000,4,4,49
813000,4,5,86
813000,4,6,325
813000,4,7,1149
813000,4,8,22
813000,5,1,1170
813000,5,2,328
813000,5,3,211
813000,5,4,87
813000,5,5,192
813000,5,6,254
813000,5,7,269
813000,5,8,48
813000,6,1,9823
813000,6,2,2494
813000,6,3,247
813000,6,4,1150
813000,6,5,789
813000,6,6,1037
813000,6,7,363
813000,6,8,693
813000,7,1,4740
813000,7,2,1572
813000,7,3,11
813000,7,4,1843
813000,7,5,450
813000,7,6,419
813000,7,7,25
813000,7,8,462
813000,8,1,507
813000,8,2,662
813000,8,3,8
813000,8,4,6632
813000,8,5,47
813000,8,6,119
813000,8,8,316
813000,9,1,38
813000,9,2,122
813000,9,3,2
813000,9,4,5996
813000,9,5,1
813000,9,6,24
813000,9,8,181
813000,10,1,1
813000,10,2,8
813000,10,4,1855
813000,10,6,8
813000,10,8,17
820000,1,3,2758
820000,2,3,2912
820000,3,3,1408
820000,4,1,544
820000,4,2,375
820000,4,3,405
820000,4,4,35
820000,4,5,48
820000,4,6,261
820000,4,7,713
820000,4,8,15
820000,5,1,880
820000,5,2,217
820000,5,3,81
820000,5,4,57
820000,5,5,95
820000,5,6,240
820000,5,7,108
820000,5,8,49
820000,6,1,6656
820000,6,2,1480
820000,6,3,121
820000,6,4,632
820000,6,5,415
820000,6,6,630
820000,6,7,172
820000,6,8,561
820000,7,1,2882
820000,7,2,829
820000,7,3,9
820000,7,4,984
820000,7,5,185
820000,7,6,187
820000,7,7,18
820000,7,8,333
820000,8,1,327
820000,8,2,450
820000,8,3,3
820000,8,4,3562
820000,8,5,15
820000,8,6,53
820000,8,8,310
820000,9,1,16
820000,9,2,100
820000,9,3,6
820000,9,4,3059
820000,9,6,6
820000,9,8,166
820000,10,2,2
820000,10,4,1044
820000,10,6,3
820000,10,8,17
825000,1,3,86
825000,2,3,90
825000,3,3,48
825000,4,1,9
825000,4,2,9
825000,4,3,7
825000,4,4,2
825000,4,6,8
825000,4,7,24
825000,4,8,1
825000,5,1,31
825000,5,2,6
825000,5,3,2
825000,5,4,1
825000,5,5,3
825000,5,6,3
825000,5,7,9
825000,5,8,3
825000,6,1,220
825000,6,2,56
825000,6,3,2
825000,6,4,18
825000,6,5,33
825000,6,6,25
825000,6,7,3
825000,6,8,44
825000,7,1,126
825000,7,2,56
825000,7,3,1
825000,7,4,61
825000,7,5,17
825000,7,6,17
825000,7,8,36
825000,8,1,17
825000,8,2,26
825000,8,4,259
825000,8,5,1
825000,8,6,23
825000,8,8,38
825000,9,2,10
825000,9,4,233
825000,9,6,6
825000,9,8,29
825000,10,2,1
825000,10,4,87
825000,10,8,2
840000,1,3,3287
840000,2,3,2802
840000,3,3,1257
840000,4,1,359
840000,4,2,257
840000,4,3,322
840000,4,4,5
840000,4,5,29
840000,4,6,170
840000,4,7,561
840000,4,8,17
840000,5,1,789
840000,5,2,133
840000,5,3,74
840000,5,4,22
840000,5,5,66
840000,5,6,112
840000,5,7,105
840000,5,8,44
840000,6,1,6915
840000,6,2,1256
840000,6,3,127
840000,6,4,285
840000,6,5,316
840000,6,6,429
840000,6,7,187
840000,6,8,482
840000,7,1,2396
840000,7,2,659
840000,7,3,4
840000,7,4,554
840000,7,5,119
840000,7,6,138
840000,7,7,5
840000,7,8,290
840000,8,1,269
840000,8,2,307
840000,8,3,1
840000,8,4,2494
840000,8,5,11
840000,8,6,30
840000,8,8,224
840000,9,1,14
840000,9,2,54
840000,9,4,2065
840000,9,5,1
840000,9,6,4
840000,9,8,138
840000,10,2,8
840000,10,4,698
840000,10,6,2
840000,10,8,15
846000,1,3,3198
846000,2,3,3108
846000,3,3,1581
846000,4,1,577
846000,4,2,409
846000,4,3,530
846000,4,4,55
846000,4,5,65
846000,4,6,281
846000,4,7,763
846000,4,8,22
846000,5,1,981
846000,5,2,240
846000,5,3,141
846000,5,4,71
846000,5,5,121
846000,5,6,238
846000,5,7,197
846000,5,8,41
846000,6,1,7729
846000,6,2,1778
846000,6,3,166
846000,6,4,694
846000,6,5,392
846000,6,6,769
846000,6,7,252
846000,6,8,642
846000,7,1,3510
846000,7,2,1033
846000,7,3,10
846000,7,4,1082
846000,7,5,187
846000,7,6,277
846000,7,7,19
846000,7,8,373
846000,8,1,405
846000,8,2,485
846000,8,3,4
846000,8,4,4194
846000,8,5,21
846000,8,6,58
846000,8,8,328
846000,9,1,22
846000,9,2,88
846000,9,4,3384
846000,9,5,1
846000,9,6,2
846000,9,8,192
846000,10,1,1
846000,10,2,4
846000,10,4,1120
846000,10,6,2
846000,10,8,19
849000,1,3,3118
849000,2,3,3033
849000,3,3,1461
849000,4,1,441
849000,4,2,383
849000,4,3,425
849000,4,4,36
849000,4,5,77
849000,4,6,277
849000,4,7,694
849000,4,8,21
849000,5,1,826
849000,5,2,203
849000,5,3,102
849000,5,4,66
849000,5,5,108
849000,5,6,180
849000,5,7,135
849000,5,8,50
849000,6,1,6985
849000,6,2,1616
849000,6,3,164
849000,6,4,615
849000,6,5,452
849000,6,6,599
849000,6,7,216
849000,6,8,572
849000,7,1,2950
849000,7,2,919
849000,7,3,9
849000,7,4,954
849000,7,5,228
849000,7,6,199
849000,7,7,11
849000,7,8,433
849000,8,1,341
849000,8,2,441
849000,8,3,1
849000,8,4,3933
849000,8,5,20
849000,8,6,72
849000,8,8,317
849000,9,1,23
849000,9,2,86
849000,9,3,1
849000,9,4,3413
849000,9,6,8
849000,9,8,163
849000,10,1,1
849000,10,2,4
849000,10,3,1
849000,10,4,958
849000,10,6,2
849000,10,8,20
851000,1,3,17971
851000,2,3,15126
851000,3,3,6904
851000,4,1,3778
851000,4,2,3990
851000,4,3,8363
851000,4,4,100
851000,4,5,416
851000,4,6,1530
851000,4,7,9883
851000,4,8,139
851000,5,1,9517
851000,5,2,2119
851000,5,3,3366
851000,5,4,210
851000,5,5,1354
851000,5,6,1426
851000,5,7,3616
851000,5,8,309
851000,6,1,42810
851000,6,2,7253
851000,6,3,1645
851000,6,4,3013
851000,6,5,2793
851000,6,6,4529
851000,6,7,1738
851000,6,8,2317
851000,7,1,14287
851000,7,2,3497
851000,7,3,44
851000,7,4,4502
851000,7,5,987
851000,7,6,1246
851000,7,7,54
851000,7,8,1096
851000,8,1,1400
851000,8,2,1512
851000,8,3,13
851000,8,4,16785
851000,8,5,73
851000,8,6,241
851000,8,8,769
851000,9,1,74
851000,9,2,301
851000,9,3,4
851000,9,4,14557
851000,9,5,1
851000,9,6,30
851000,9,8,352
851000,10,1,4
851000,10,2,19
851000,10,3,1
851000,10,4,4456
851000,10,6,17
851000,10,8,37
860000,1,3,4899
860000,2,3,4782
860000,3,3,2345
860000,4,1,829
860000,4,2,740
860000,4,3,790
860000,4,4,79
860000,4,5,111
860000,4,6,434
860000,4,7,1494
860000,4,8,28
860000,5,1,1498
860000,5,2,407
860000,5,3,284
860000,5,4,108
860000,5,5,236
860000,5,6,252
860000,5,7,360
860000,5,8,66
860000,6,1,11037
860000,6,2,2633
860000,6,3,320
860000,6,4,1269
860000,6,5,878
860000,6,6,945
860000,6,7,405
860000,6,8,913
860000,7,1,4995
860000,7,2,1586
860000,7,3,15
860000,7,4,1780
860000,7,5,429
860000,7,6,322
860000,7,7,27
860000,7,8,581
860000,8,1,574
860000,8,2,763
860000,8,3,28
860000,8,4,6362
860000,8,5,32
860000,8,6,134
860000,8,8,526
860000,9,1,24
860000,9,2,123
860000,9,3,6
860000,9,4,5364
860000,9,6,21
860000,9,8,230
860000,10,1,2
860000,10,2,7
860000,10,4,1878
860000,10,6,5
860000,10,8,44
