ZoneID0,AgeID,NumChildID,Val
101000,1,0,65
101000,1,1,20529
101000,1,2,26694
101000,1,3,9030
101000,2,0,135
101000,2,1,7743
101000,2,2,19736
101000,2,3,11268
101000,3,0,295
101000,3,1,4304
101000,3,2,7107
101000,3,3,3929
101000,4,0,58558
101000,4,1,8596
101000,4,2,6825
101000,4,3,3716
101000,5,0,84732
101000,5,1,5542
101000,5,2,1353
101000,5,3,174
101000,6,0,128134
101000,6,1,51158
101000,6,2,49527
101000,6,3,14733
101000,7,0,49537
101000,7,1,7710
101000,7,2,2699
101000,7,3,702
101000,8,0,38380
101000,8,1,597
101000,8,2,168
101000,8,3,46
101000,9,0,23701
101000,9,1,60
101000,9,2,16
101000,9,3,5
101000,10,0,6157
147000,1,0,5
147000,1,1,3047
147000,1,2,4138
147000,1,3,1316
147000,2,0,25
147000,2,1,1363
147000,2,2,3447
147000,2,3,1586
147000,3,0,73
147000,3,1,777
147000,3,2,1323
147000,3,3,580
147000,4,0,7862
147000,4,1,1503
147000,4,2,1235
147000,4,3,508
147000,5,0,10396
147000,5,1,666
147000,5,2,141
147000,5,3,12
147000,6,0,16028
147000,6,1,8292
147000,6,2,8325
147000,6,3,2216
147000,7,0,9287
147000,7,1,1551
147000,7,2,588
147000,7,3,98
147000,8,0,8505
147000,8,1,118
147000,8,2,35
147000,8,3,6
147000,9,0,7310
147000,9,1,20
147000,9,2,2
147000,10,0,2280
151000,1,0,15
151000,1,1,1101
151000,1,2,2503
151000,1,3,1043
151000,2,0,16
151000,2,1,662
151000,2,2,2160
151000,2,3,1230
151000,3,0,24
151000,3,1,422
151000,3,2,844
151000,3,3,457
151000,4,0,1470
151000,4,1,1087
151000,4,2,947
151000,4,3,445
151000,5,0,2127
151000,5,1,407
151000,5,2,258
151000,5,3,34
151000,6,0,5194
151000,6,1,3692
151000,6,2,5296
151000,6,3,1748
151000,7,0,5483
151000,7,1,884
151000,7,2,269
151000,7,3,43
151000,8,0,4438
151000,8,1,40
151000,8,2,10
151000,8,3,2
151000,9,0,4238
151000,9,1,3
151000,10,0,1446
153000,1,0,5
153000,1,1,858
153000,1,2,1641
153000,1,3,969
153000,2,0,16
153000,2,1,416
153000,2,2,1370
153000,2,3,1102
153000,3,0,20
153000,3,1,305
153000,3,2,540
153000,3,3,392
153000,4,0,1305
153000,4,1,727
153000,4,2,636
153000,4,3,434
153000,5,0,1933
153000,5,1,398
153000,5,2,187
153000,5,3,32
153000,6,0,4685
153000,6,1,2573
153000,6,2,3379
153000,6,3,1542
153000,7,0,3909
153000,7,1,562
153000,7,2,180
153000,7,3,49
153000,8,0,3543
153000,8,1,35
153000,8,2,10
153000,8,3,1
153000,9,0,2487
153000,9,1,5
153000,9,2,2
153000,10,0,879
155000,1,0,1
155000,1,1,281
155000,1,2,805
155000,1,3,312
155000,2,0,2
155000,2,1,186
155000,2,2,820
155000,2,3,396
155000,3,0,4
155000,3,1,120
155000,3,2,309
155000,3,3,147
155000,4,0,96
155000,4,1,266
155000,4,2,266
155000,4,3,77
155000,5,0,190
155000,5,1,60
155000,5,2,25
155000,5,3,5
155000,6,0,948
155000,6,1,1078
155000,6,2,1913
155000,6,3,560
155000,7,0,1667
155000,7,1,286
155000,7,2,115
155000,7,3,14
155000,8,0,1707
155000,8,1,19
155000,8,2,9
155000,8,3,1
155000,9,0,1455
155000,9,2,2
155000,10,0,467
157000,1,0,9
157000,1,1,1212
157000,1,2,3365
157000,1,3,1649
157000,2,0,23
157000,2,1,902
157000,2,2,3746
157000,2,3,2350
157000,3,0,49
157000,3,1,650
157000,3,2,1739
157000,3,3,852
157000,4,0,1799
157000,4,1,1407
157000,4,2,1533
157000,4,3,622
157000,5,0,2880
157000,5,1,222
157000,5,2,70
157000,5,3,11
157000,6,0,6917
157000,6,1,4482
157000,6,2,8562
157000,6,3,3143
157000,7,0,7721
157000,7,1,1901
157000,7,2,899
157000,7,3,155
157000,8,0,7477
157000,8,1,143
157000,8,2,41
157000,8,3,7
157000,9,0,6218
157000,9,1,17
157000,9,2,2
157000,9,3,2
157000,10,0,2061
159000,1,0,11
159000,1,1,1646
159000,1,2,3565
159000,1,3,1531
159000,2,0,12
159000,2,1,931
159000,2,2,3252
159000,2,3,2018
159000,3,0,60
159000,3,1,597
159000,3,2,1242
159000,3,3,753
159000,4,0,2706
159000,4,1,1274
159000,4,2,1230
159000,4,3,650
159000,5,0,3706
159000,5,1,542
159000,5,2,233
159000,5,3,31
159000,6,0,7861
159000,6,1,5190
159000,6,2,7756
159000,6,3,2737
159000,7,0,6846
159000,7,1,1172
159000,7,2,432
159000,7,3,113
159000,8,0,6078
159000,8,1,76
159000,8,2,16
159000,8,3,5
159000,9,0,4138
159000,9,1,2
159000,9,2,1
159000,10,0,1587
161000,1,0,9
161000,1,1,614
161000,1,2,1150
161000,1,3,419
161000,2,0,5
161000,2,1,292
161000,2,2,910
161000,2,3,518
161000,3,0,4
161000,3,1,181
161000,3,2,409
161000,3,3,157
161000,4,0,850
161000,4,1,464
161000,4,2,381
161000,4,3,180
161000,5,0,1292
161000,5,1,245
161000,5,2,106
161000,5,3,9
161000,6,0,3144
161000,6,1,1805
161000,6,2,2400
161000,6,3,711
161000,7,0,2561
161000,7,1,352
161000,7,2,106
161000,7,3,22
161000,8,0,2071
161000,8,1,19
161000,8,2,2
161000,8,3,3
161000,9,0,1617
161000,9,1,1
161000,9,2,1
161000,10,0,625
163000,1,0,1
163000,1,1,627
163000,1,2,1410
163000,1,3,623
163000,2,0,8
163000,2,1,413
163000,2,2,1403
163000,2,3,840
163000,3,0,14
163000,3,1,252
163000,3,2,526
163000,3,3,270
163000,4,0,984
163000,4,1,595
163000,4,2,515
163000,4,3,245
163000,5,0,1249
163000,5,1,231
163000,5,2,105
163000,5,3,13
163000,6,0,3001
163000,6,1,2148
163000,6,2,3217
163000,6,3,1105
163000,7,0,3092
163000,7,1,473
163000,7,2,169
163000,7,3,30
163000,8,0,2877
163000,8,1,39
163000,8,2,3
163000,8,3,2
163000,9,0,1943
163000,9,1,2
163000,10,0,790
165000,1,0,5
165000,1,1,534
165000,1,2,1160
165000,1,3,702
165000,2,0,4
165000,2,1,318
165000,2,2,1146
165000,2,3,943
165000,3,0,9
165000,3,1,247
165000,3,2,465
165000,3,3,353
165000,4,0,1177
165000,4,1,563
165000,4,2,590
165000,4,3,386
165000,5,0,1347
165000,5,1,270
165000,5,2,152
165000,5,3,30
165000,6,0,2924
165000,6,1,1787
165000,6,2,2662
165000,6,3,1309
165000,7,0,2657
165000,7,1,473
165000,7,2,147
165000,7,3,33
165000,8,0,2427
165000,8,1,28
165000,8,2,5
165000,8,3,3
165000,9,0,2183
165000,9,1,1
165000,10,0,490
167000,1,0,6
167000,1,1,1205
167000,1,2,2821
167000,1,3,1185
167000,2,0,30
167000,2,1,759
167000,2,2,2514
167000,2,3,1431
167000,3,0,24
167000,3,1,476
167000,3,2,983
167000,3,3,474
167000,4,0,1858
167000,4,1,1034
167000,4,2,957
167000,4,3,448
167000,5,0,2428
167000,5,1,434
167000,5,2,194
167000,5,3,22
167000,6,0,6043
167000,6,1,4062
167000,6,2,6086
167000,6,3,2013
167000,7,0,5304
167000,7,1,863
167000,7,2,282
167000,7,3,47
167000,8,0,4791
167000,8,1,55
167000,8,2,17
167000,8,3,5
167000,9,0,3455
167000,9,1,10
167000,9,2,1
167000,10,0,1126
169000,1,0,10
169000,1,1,1459
169000,1,2,2636
169000,1,3,1195
169000,2,0,11
169000,2,1,643
169000,2,2,2266
169000,2,3,1524
169000,3,0,30
169000,3,1,438
169000,3,2,934
169000,3,3,586
169000,4,0,1951
169000,4,1,1012
169000,4,2,889
169000,4,3,552
169000,5,0,3027
169000,5,1,700
169000,5,2,277
169000,5,3,33
169000,6,0,7497
169000,6,1,4183
169000,6,2,5529
169000,6,3,2095
169000,7,0,5321
169000,7,1,738
169000,7,2,268
169000,7,3,76
169000,8,0,4569
169000,8,1,56
169000,8,2,11
169000,8,3,3
169000,9,0,3801
169000,9,1,4
169000,9,2,1
169000,10,0,933
173000,1,0,10
173000,1,1,1010
173000,1,2,2662
173000,1,3,1118
173000,2,0,11
173000,2,1,692
173000,2,2,2713
173000,2,3,1634
173000,3,0,28
173000,3,1,504
173000,3,2,1119
173000,3,3,587
173000,4,0,3378
173000,4,1,1030
173000,4,2,1045
173000,4,3,467
173000,5,0,3530
173000,5,1,281
173000,5,2,82
173000,5,3,7
173000,6,0,5454
173000,6,1,3607
173000,6,2,6371
173000,6,3,2183
173000,7,0,5591
173000,7,1,1228
173000,7,2,507
173000,7,3,105
173000,8,0,5610
173000,8,1,88
173000,8,2,19
173000,8,3,3
173000,9,0,4132
173000,9,1,8
173000,9,2,2
173000,10,0,1618
175000,1,0,8
175000,1,1,1074
175000,1,2,2155
175000,1,3,920
175000,2,0,13
175000,2,1,542
175000,2,2,1871
175000,2,3,1147
175000,3,0,20
175000,3,1,339
175000,3,2,701
175000,3,3,408
175000,4,0,1386
175000,4,1,799
175000,4,2,661
175000,4,3,365
175000,5,0,2099
175000,5,1,402
175000,5,2,160
175000,5,3,20
175000,6,0,5177
175000,6,1,3210
175000,6,2,4539
175000,6,3,1552
175000,7,0,4499
175000,7,1,646
175000,7,2,194
175000,7,3,45
175000,8,0,3801
175000,8,1,34
175000,8,2,4
175000,8,3,3
175000,9,0,2700
175000,9,1,4
175000,10,0,1065
183000,1,0,2
183000,1,1,573
183000,1,2,1010
183000,1,3,634
183000,2,0,13
183000,2,1,285
183000,2,2,853
183000,2,3,856
183000,3,0,13
183000,3,1,177
183000,3,2,343
183000,3,3,315
183000,4,0,940
183000,4,1,465
183000,4,2,411
183000,4,3,282
183000,5,0,1164
183000,5,1,289
183000,5,2,112
183000,5,3,25
183000,6,0,3059
183000,6,1,1711
183000,6,2,2101
183000,6,3,1162
183000,7,0,2344
183000,7,1,362
183000,7,2,107
183000,7,3,18
183000,8,0,1970
183000,8,1,24
183000,8,2,4
183000,8,3,1
183000,9,0,1527
183000,9,1,2
183000,10,0,302
185000,1,0,5
185000,1,1,896
185000,1,2,2296
185000,1,3,918
185000,2,0,5
185000,2,1,592
185000,2,2,2196
185000,2,3,1084
185000,3,0,13
185000,3,1,428
185000,3,2,876
185000,3,3,384
185000,4,0,864
185000,4,1,892
185000,4,2,751
185000,4,3,326
185000,5,0,1410
185000,5,1,277
185000,5,2,134
185000,5,3,26
185000,6,0,4568
185000,6,1,3278
185000,6,2,5242
185000,6,3,1533
185000,7,0,4739
185000,7,1,765
185000,7,2,219
185000,7,3,40
185000,8,0,4253
185000,8,1,54
185000,8,2,6
185000,8,3,1
185000,9,0,3045
185000,9,1,2
185000,9,2,2
185000,9,3,1
185000,10,0,921
187000,1,0,2
187000,1,1,433
187000,1,2,971
187000,1,3,416
187000,2,0,3
187000,2,1,223
187000,2,2,902
187000,2,3,526
187000,3,0,5
187000,3,1,128
187000,3,2,322
187000,3,3,173
187000,4,0,490
187000,4,1,283
187000,4,2,310
187000,4,3,129
187000,5,0,623
187000,5,1,177
187000,5,2,76
187000,5,3,7
187000,6,0,1682
187000,6,1,1331
187000,6,2,2146
187000,6,3,716
187000,7,0,1420
187000,7,1,229
187000,7,2,93
187000,7,3,15
187000,8,0,1443
187000,8,1,10
187000,8,2,3
187000,9,0,1437
187000,9,2,1
187000,10,0,306
190000,1,0,6
190000,1,1,812
190000,1,2,2361
190000,1,3,1093
190000,2,0,19
190000,2,1,459
190000,2,2,2213
190000,2,3,1334
190000,3,0,26
190000,3,1,357
190000,3,2,915
190000,3,3,467
190000,4,0,510
190000,4,1,825
190000,4,2,810
190000,4,3,368
190000,5,0,894
190000,5,1,217
190000,5,2,97
190000,5,3,13
190000,6,0,3174
190000,6,1,2913
190000,6,2,5379
190000,6,3,1908
190000,7,0,4385
190000,7,1,874
190000,7,2,354
190000,7,3,65
190000,8,0,4221
190000,8,1,55
190000,8,2,11
190000,8,3,3
190000,9,0,3653
190000,9,1,4
190000,10,0,1282
201000,1,0,5
201000,1,1,465
201000,1,2,1530
201000,1,3,617
201000,2,0,1
201000,2,1,282
201000,2,2,1360
201000,2,3,839
201000,3,0,11
201000,3,1,220
201000,3,2,640
201000,3,3,281
201000,4,0,267
201000,4,1,512
201000,4,2,605
201000,4,3,245
201000,5,0,476
201000,5,1,88
201000,5,2,60
201000,5,3,8
201000,6,0,1715
201000,6,1,1813
201000,6,2,3613
201000,6,3,1161
201000,7,0,2833
201000,7,1,551
201000,7,2,222
201000,7,3,43
201000,8,0,2531
201000,8,1,29
201000,8,2,6
201000,8,3,2
201000,9,0,2359
201000,9,1,1
201000,10,0,670
210000,1,0,2
210000,1,1,771
210000,1,2,2064
210000,1,3,920
210000,2,0,23
210000,2,1,516
210000,2,2,1857
210000,2,3,1182
210000,3,0,37
210000,3,1,398
210000,3,2,810
210000,3,3,428
210000,4,0,587
210000,4,1,793
210000,4,2,813
210000,4,3,338
210000,5,0,1049
210000,5,1,221
210000,5,2,184
210000,5,3,16
210000,6,0,3710
210000,6,1,2931
210000,6,2,4520
210000,6,3,1588
210000,7,0,4738
210000,7,1,824
210000,7,2,366
210000,7,3,72
210000,8,0,5041
210000,8,1,50
210000,8,2,17
210000,8,3,2
210000,9,0,3866
210000,9,1,5
210000,9,2,1
210000,10,0,949
217000,1,0,10
217000,1,1,1103
217000,1,2,2688
217000,1,3,1214
217000,2,0,37
217000,2,1,749
217000,2,2,2412
217000,2,3,1487
217000,3,0,40
217000,3,1,626
217000,3,2,1183
217000,3,3,524
217000,4,0,1302
217000,4,1,1361
217000,4,2,1167
217000,4,3,507
217000,5,0,1834
217000,5,1,430
217000,5,2,275
217000,5,3,59
217000,6,0,6218
217000,6,1,4137
217000,6,2,6039
217000,6,3,2060
217000,7,0,8065
217000,7,1,1254
217000,7,2,433
217000,7,3,81
217000,8,0,7720
217000,8,1,80
217000,8,2,15
217000,8,3,8
217000,9,0,6494
217000,9,1,11
217000,9,2,3
217000,10,0,1773
219000,1,0,10
219000,1,1,1142
219000,1,2,2563
219000,1,3,1080
219000,2,0,50
219000,2,1,669
219000,2,2,2347
219000,2,3,1365
219000,3,0,64
219000,3,1,496
219000,3,2,1121
219000,3,3,512
219000,4,0,1805
219000,4,1,1206
219000,4,2,1060
219000,4,3,475
219000,5,0,2288
219000,5,1,452
219000,5,2,230
219000,5,3,23
219000,6,0,5532
219000,6,1,3962
219000,6,2,5849
219000,6,3,1913
219000,7,0,6024
219000,7,1,1097
219000,7,2,376
219000,7,3,84
219000,8,0,5010
219000,8,1,54
219000,8,2,10
219000,8,3,4
219000,9,0,4100
219000,9,1,5
219000,9,2,4
219000,9,3,1
219000,10,0,1176
223000,1,0,7
223000,1,1,397
223000,1,2,997
223000,1,3,504
223000,2,0,6
223000,2,1,291
223000,2,2,1181
223000,2,3,578
223000,3,0,11
223000,3,1,248
223000,3,2,570
223000,3,3,239
223000,4,0,300
223000,4,1,476
223000,4,2,486
223000,4,3,179
223000,5,0,519
223000,5,1,116
223000,5,2,36
223000,5,3,6
223000,6,0,1763
223000,6,1,1564
223000,6,2,2709
223000,6,3,856
223000,7,0,2716
223000,7,1,584
223000,7,2,223
223000,7,3,45
223000,8,0,2949
223000,8,1,42
223000,8,2,14
223000,9,0,3078
223000,9,1,5
223000,9,2,2
223000,10,0,1017
230000,1,0,5
230000,1,1,901
230000,1,2,3072
230000,1,3,1374
230000,2,0,20
230000,2,1,629
230000,2,2,2733
230000,2,3,1710
230000,3,0,89
230000,3,1,484
230000,3,2,1278
230000,3,3,686
230000,4,0,1296
230000,4,1,1176
230000,4,2,1103
230000,4,3,485
230000,5,0,1503
230000,5,1,190
230000,5,2,85
230000,5,3,14
230000,6,0,4029
230000,6,1,3515
230000,6,2,6930
230000,6,3,2431
230000,7,0,5836
230000,7,1,1439
230000,7,2,606
230000,7,3,112
230000,8,0,5827
230000,8,1,91
230000,8,2,25
230000,8,3,3
230000,9,0,5389
230000,9,1,6
230000,9,2,4
230000,9,3,1
230000,10,0,2115
240000,1,0,6
240000,1,1,1011
240000,1,2,2673
240000,1,3,941
240000,2,0,6
240000,2,1,562
240000,2,2,2311
240000,2,3,1105
240000,3,0,19
240000,3,1,459
240000,3,2,1037
240000,3,3,441
240000,4,0,634
240000,4,1,914
240000,4,2,1024
240000,4,3,376
240000,5,0,1085
240000,5,1,357
240000,5,2,205
240000,5,3,24
240000,6,0,3901
240000,6,1,3713
240000,6,2,6118
240000,6,3,1667
240000,7,0,4951
240000,7,1,834
240000,7,2,296
240000,7,3,48
240000,8,0,3949
240000,8,1,47
240000,8,2,10
240000,8,3,2
240000,9,0,3675
240000,9,1,1
240000,10,0,800
250000,1,0,20
250000,1,1,812
250000,1,2,1786
250000,1,3,848
250000,2,0,46
250000,2,1,556
250000,2,2,1789
250000,2,3,1085
250000,3,0,51
250000,3,1,429
250000,3,2,889
250000,3,3,441
250000,4,0,773
250000,4,1,1017
250000,4,2,890
250000,4,3,374
250000,5,0,1243
250000,5,1,396
250000,5,2,194
250000,5,3,37
250000,6,0,4653
250000,6,1,3184
250000,6,2,4338
250000,6,3,1514
250000,7,0,6164
250000,7,1,799
250000,7,2,266
250000,7,3,46
250000,8,0,5606
250000,8,1,43
250000,8,2,12
250000,8,3,1
250000,9,0,4696
250000,9,1,1
250000,9,2,1
250000,10,0,1117
253000,1,0,6
253000,1,1,1082
253000,1,2,2678
253000,1,3,1066
253000,2,0,36
253000,2,1,643
253000,2,2,2458
253000,2,3,1308
253000,3,0,30
253000,3,1,492
253000,3,2,1016
253000,3,3,463
253000,4,0,889
253000,4,1,1058
253000,4,2,1050
253000,4,3,437
253000,5,0,1382
253000,5,1,448
253000,5,2,231
253000,5,3,32
253000,6,0,4846
253000,6,1,3915
253000,6,2,6073
253000,6,3,1818
253000,7,0,5776
253000,7,1,899
253000,7,2,306
253000,7,3,56
253000,8,0,5134
253000,8,1,54
253000,8,2,17
253000,8,3,3
253000,9,0,4754
253000,9,1,6
253000,9,2,2
253000,10,0,1043
259000,1,0,17
259000,1,1,1387
259000,1,2,2845
259000,1,3,1200
259000,2,0,46
259000,2,1,773
259000,2,2,2473
259000,2,3,1441
259000,3,0,36
259000,3,1,596
259000,3,2,1252
259000,3,3,568
259000,4,0,1652
259000,4,1,1362
259000,4,2,1245
259000,4,3,470
259000,5,0,2403
259000,5,1,625
259000,5,2,319
259000,5,3,52
259000,6,0,7012
259000,6,1,4815
259000,6,2,6421
259000,6,3,1990
259000,7,0,7254
259000,7,1,1045
259000,7,2,332
259000,7,3,58
259000,8,0,6054
259000,8,1,65
259000,8,2,13
259000,8,3,3
259000,9,0,5355
259000,9,1,2
259000,9,2,1
259000,10,0,1276
260000,1,0,12
260000,1,1,519
260000,1,2,1117
260000,1,3,492
260000,2,0,22
260000,2,1,418
260000,2,2,1162
260000,2,3,617
260000,3,0,25
260000,3,1,297
260000,3,2,523
260000,3,3,213
260000,4,0,556
260000,4,1,634
260000,4,2,547
260000,4,3,211
260000,5,0,822
260000,5,1,243
260000,5,2,170
260000,5,3,28
260000,6,0,3444
260000,6,1,2092
260000,6,2,2649
260000,6,3,838
260000,7,0,4331
260000,7,1,506
260000,7,2,159
260000,7,3,23
260000,8,0,4508
260000,8,1,34
260000,8,2,8
260000,8,3,1
260000,9,0,3424
260000,9,1,7
260000,10,0,814
265000,1,0,13
265000,1,1,1678
265000,1,2,4117
265000,1,3,1716
265000,2,0,35
265000,2,1,1038
265000,2,2,3974
265000,2,3,2380
265000,3,0,61
265000,3,1,812
265000,3,2,1865
265000,3,3,922
265000,4,0,3639
265000,4,1,1813
265000,4,2,1855
265000,4,3,717
265000,5,0,3924
265000,5,1,695
265000,5,2,305
265000,5,3,38
265000,6,0,8805
265000,6,1,6172
265000,6,2,9919
265000,6,3,3297
265000,7,0,10086
265000,7,1,1614
265000,7,2,609
265000,7,3,118
265000,8,0,8900
265000,8,1,86
265000,8,2,20
265000,8,3,4
265000,9,0,7129
265000,9,1,6
265000,9,2,2
265000,10,0,2082
269000,1,0,4
269000,1,1,535
269000,1,2,1501
269000,1,3,499
269000,2,0,6
269000,2,1,322
269000,2,2,1221
269000,2,3,626
269000,3,0,10
269000,3,1,227
269000,3,2,519
269000,3,3,237
269000,4,0,371
269000,4,1,472
269000,4,2,553
269000,4,3,176
269000,5,0,638
269000,5,1,205
269000,5,2,114
269000,5,3,16
269000,6,0,1965
269000,6,1,1918
269000,6,2,3221
269000,6,3,896
269000,7,0,2549
269000,7,1,403
269000,7,2,145
269000,7,3,17
269000,8,0,2333
269000,8,1,26
269000,8,2,5
269000,9,0,2048
269000,10,0,438
270000,1,0,32
270000,1,1,704
270000,1,2,1366
270000,1,3,697
270000,2,0,93
270000,2,1,477
270000,2,2,1408
270000,2,3,957
270000,3,0,109
270000,3,1,399
270000,3,2,699
270000,3,3,373
270000,4,0,628
270000,4,1,824
270000,4,2,713
270000,4,3,300
270000,5,0,997
270000,5,1,270
270000,5,2,167
270000,5,3,34
270000,6,0,4151
270000,6,1,2787
270000,6,2,3356
270000,6,3,1272
270000,7,0,5894
270000,7,1,747
270000,7,2,234
270000,7,3,58
270000,8,0,5906
270000,8,1,52
270000,8,2,12
270000,8,3,3
270000,9,0,4697
270000,9,1,6
270000,9,2,1
270000,10,0,1124
306000,1,0,25
306000,1,1,458
306000,1,2,890
306000,1,3,503
306000,2,0,101
306000,2,1,366
306000,2,2,971
306000,2,3,677
306000,3,0,74
306000,3,1,264
306000,3,2,454
306000,3,3,253
306000,4,0,634
306000,4,1,581
306000,4,2,443
306000,4,3,224
306000,5,0,872
306000,5,1,210
306000,5,2,143
306000,5,3,27
306000,6,0,3767
306000,6,1,1804
306000,6,2,2150
306000,6,3,881
306000,7,0,4841
306000,7,1,456
306000,7,2,122
306000,7,3,30
306000,8,0,5554
306000,8,1,38
306000,8,2,11
306000,9,0,4124
306000,9,1,2
306000,9,2,1
306000,10,0,1026
316000,1,0,62
316000,1,1,1407
316000,1,2,3095
316000,1,3,1457
316000,2,0,194
316000,2,1,940
316000,2,2,2803
316000,2,3,1955
316000,3,0,207
316000,3,1,668
316000,3,2,1263
316000,3,3,759
316000,4,0,1915
316000,4,1,1491
316000,4,2,1276
316000,4,3,630
316000,5,0,2511
316000,5,1,680
316000,5,2,386
316000,5,3,66
316000,6,0,8271
316000,6,1,5121
316000,6,2,6808
316000,6,3,2615
316000,7,0,9123
316000,7,1,1126
316000,7,2,375
316000,7,3,94
316000,8,0,8528
316000,8,1,85
316000,8,2,13
316000,8,3,3
316000,9,0,5934
316000,9,1,6
316000,9,2,4
316000,9,3,1
316000,10,0,1568
320000,1,0,27
320000,1,1,704
320000,1,2,1470
320000,1,3,633
320000,2,0,63
320000,2,1,484
320000,2,2,1331
320000,2,3,831
320000,3,0,61
320000,3,1,367
320000,3,2,670
320000,3,3,328
320000,4,0,783
320000,4,1,729
320000,4,2,641
320000,4,3,256
320000,5,0,1178
320000,5,1,332
320000,5,2,195
320000,5,3,42
320000,6,0,4614
320000,6,1,2677
320000,6,2,3306
320000,6,3,1099
320000,7,0,5038
320000,7,1,549
320000,7,2,176
320000,7,3,30
320000,8,0,4591
320000,8,1,38
320000,8,2,11
320000,8,3,2
320000,9,0,3203
320000,9,1,2
320000,10,0,883
326000,1,0,55
326000,1,1,810
326000,1,2,1660
326000,1,3,920
326000,2,0,73
326000,2,1,619
326000,2,2,1675
326000,2,3,1201
326000,3,0,61
326000,3,1,462
326000,3,2,824
326000,3,3,469
326000,4,0,1232
326000,4,1,949
326000,4,2,761
326000,4,3,358
326000,5,0,1493
326000,5,1,395
326000,5,2,320
326000,5,3,55
326000,6,0,5722
326000,6,1,3180
326000,6,2,3803
326000,6,3,1536
326000,7,0,6613
326000,7,1,684
326000,7,2,219
326000,7,3,51
326000,8,0,6482
326000,8,1,34
326000,8,2,3
326000,8,3,2
326000,9,0,4638
326000,9,1,3
326000,9,2,1
326000,10,0,1238
329000,1,0,9
329000,1,1,772
329000,1,2,1580
329000,1,3,690
329000,2,0,30
329000,2,1,480
329000,2,2,1467
329000,2,3,817
329000,3,0,24
329000,3,1,362
329000,3,2,648
329000,3,3,327
329000,4,0,1097
329000,4,1,735
329000,4,2,595
329000,4,3,275
329000,5,0,1502
329000,5,1,353
329000,5,2,181
329000,5,3,36
329000,6,0,4729
329000,6,1,2768
329000,6,2,3556
329000,6,3,1147
329000,7,0,4183
329000,7,1,573
329000,7,2,174
329000,7,3,25
329000,8,0,3494
329000,8,1,26
329000,8,2,12
329000,9,0,2498
329000,9,1,1
329000,9,2,1
329000,10,0,739
330000,1,0,49
330000,1,1,1598
330000,1,2,3111
330000,1,3,1490
330000,2,0,124
330000,2,1,892
330000,2,2,2826
330000,2,3,1791
330000,3,0,134
330000,3,1,754
330000,3,2,1237
330000,3,3,690
330000,4,0,3205
330000,4,1,1522
330000,4,2,1172
330000,4,3,638
330000,5,0,3605
330000,5,1,848
330000,5,2,486
330000,5,3,115
330000,6,0,9757
330000,6,1,5281
330000,6,2,6586
330000,6,3,2370
330000,7,0,9904
330000,7,1,1049
330000,7,2,303
330000,7,3,92
330000,8,0,9235
330000,8,1,70
330000,8,2,13
330000,8,3,4
330000,9,0,6853
330000,9,1,3
330000,9,2,2
330000,9,3,1
330000,10,0,1918
336000,1,0,23
336000,1,1,410
336000,1,2,969
336000,1,3,397
336000,2,0,47
336000,2,1,283
336000,2,2,930
336000,2,3,527
336000,3,0,35
336000,3,1,217
336000,3,2,404
336000,3,3,193
336000,4,0,401
336000,4,1,434
336000,4,2,383
336000,4,3,152
336000,5,0,538
336000,5,1,184
336000,5,2,139
336000,5,3,16
336000,6,0,2603
336000,6,1,1586
336000,6,2,2213
336000,6,3,702
336000,7,0,3310
336000,7,1,371
336000,7,2,108
336000,7,3,12
336000,8,0,3127
336000,8,1,22
336000,8,2,5
336000,8,3,2
336000,9,0,2351
336000,10,0,598
340000,1,0,18
340000,1,1,585
340000,1,2,1302
340000,1,3,633
340000,2,0,51
340000,2,1,366
340000,2,2,1267
340000,2,3,752
340000,3,0,63
340000,3,1,308
340000,3,2,556
340000,3,3,314
340000,4,0,590
340000,4,1,606
340000,4,2,499
340000,4,3,227
340000,5,0,869
340000,5,1,277
340000,5,2,156
340000,5,3,26
340000,6,0,3392
340000,6,1,2128
340000,6,2,2977
340000,6,3,1035
340000,7,0,3995
340000,7,1,512
340000,7,2,141
340000,7,3,32
340000,8,0,3516
340000,8,1,26
340000,8,2,11
340000,9,0,2483
340000,9,1,2
340000,10,0,729
350000,1,0,13
350000,1,1,566
350000,1,2,1464
350000,1,3,653
350000,2,0,40
350000,2,1,320
350000,2,2,1373
350000,2,3,758
350000,3,0,34
350000,3,1,247
350000,3,2,612
350000,3,3,290
350000,4,0,345
350000,4,1,605
350000,4,2,562
350000,4,3,241
350000,5,0,597
350000,5,1,203
350000,5,2,106
350000,5,3,21
350000,6,0,2531
350000,6,1,2102
350000,6,2,3443
350000,6,3,1094
350000,7,0,3432
350000,7,1,534
350000,7,2,176
350000,7,3,37
350000,8,0,3365
350000,8,1,27
350000,8,2,7
350000,9,0,2526
350000,9,1,1
350000,9,3,1
350000,10,0,604
360000,1,0,59
360000,1,1,556
360000,1,2,1078
360000,1,3,678
360000,2,0,92
360000,2,1,462
360000,2,2,1172
360000,2,3,876
360000,3,0,54
360000,3,1,362
360000,3,2,497
360000,3,3,317
360000,4,0,974
360000,4,1,675
360000,4,2,420
360000,4,3,252
360000,5,0,1060
360000,5,1,249
360000,5,2,190
360000,5,3,45
360000,6,0,5092
360000,6,1,2228
360000,6,2,2442
360000,6,3,1095
360000,7,0,6013
360000,7,1,476
360000,7,2,148
360000,7,3,29
360000,8,0,6411
360000,8,1,45
360000,8,2,8
360000,8,3,2
360000,9,0,4540
360000,9,1,1
360000,9,2,1
360000,10,0,1322
370000,1,0,61
370000,1,1,1653
370000,1,2,3381
370000,1,3,1410
370000,2,0,163
370000,2,1,1120
370000,2,2,3255
370000,2,3,1892
370000,3,0,191
370000,3,1,791
370000,3,2,1485
370000,3,3,690
370000,4,0,2977
370000,4,1,1595
370000,4,2,1419
370000,4,3,571
370000,5,0,3266
370000,5,1,879
370000,5,2,482
370000,5,3,68
370000,6,0,10140
370000,6,1,5821
370000,6,2,7580
370000,6,3,2461
370000,7,0,10413
370000,7,1,1169
370000,7,2,383
370000,7,3,68
370000,8,0,10023
370000,8,1,61
370000,8,2,17
370000,8,3,5
370000,9,0,7131
370000,9,1,9
370000,10,0,1944
376000,1,0,45
376000,1,1,1044
376000,1,2,2100
376000,1,3,978
376000,2,0,102
376000,2,1,754
376000,2,2,1919
376000,2,3,1203
376000,3,0,100
376000,3,1,520
376000,3,2,857
376000,3,3,480
376000,4,0,1751
376000,4,1,1098
376000,4,2,775
376000,4,3,335
376000,5,0,2032
376000,5,1,526
376000,5,2,306
376000,5,3,66
376000,6,0,7292
376000,6,1,3704
376000,6,2,4528
376000,6,3,1553
376000,7,0,8303
376000,7,1,819
376000,7,2,205
376000,7,3,45
376000,8,0,8499
376000,8,1,41
376000,8,2,14
376000,8,3,3
376000,9,0,6381
376000,9,1,4
376000,9,2,1
376000,9,3,1
376000,10,0,1847
390000,1,0,34
390000,1,1,654
390000,1,2,1405
390000,1,3,772
390000,2,0,127
390000,2,1,553
390000,2,2,1440
390000,2,3,959
390000,3,0,145
390000,3,1,374
390000,3,2,672
390000,3,3,391
390000,4,0,1213
390000,4,1,786
390000,4,2,680
390000,4,3,300
390000,5,0,1378
390000,5,1,332
390000,5,2,178
390000,5,3,46
390000,6,0,5391
390000,6,1,2646
390000,6,2,3297
390000,6,3,1245
390000,7,0,6488
390000,7,1,634
390000,7,2,234
390000,7,3,36
390000,8,0,6724
390000,8,1,48
390000,8,2,9
390000,8,3,1
390000,9,0,4938
390000,9,1,3
390000,9,2,1
390000,10,0,1307
400000,1,0,18
400000,1,1,595
400000,1,2,1325
400000,1,3,731
400000,2,0,50
400000,2,1,448
400000,2,2,1207
400000,2,3,994
400000,3,0,33
400000,3,1,357
400000,3,2,535
400000,3,3,310
400000,4,0,753
400000,4,1,604
400000,4,2,493
400000,4,3,236
400000,5,0,1065
400000,5,1,300
400000,5,2,191
400000,5,3,35
400000,6,0,4395
400000,6,1,2219
400000,6,2,2796
400000,6,3,1242
400000,7,0,5951
400000,7,1,486
400000,7,2,134
400000,7,3,36
400000,8,0,6276
400000,8,1,47
400000,8,2,13
400000,8,3,2
400000,9,0,4498
400000,9,1,6
400000,9,2,2
400000,10,0,1312
410000,1,0,31
410000,1,1,691
410000,1,2,1719
410000,1,3,766
410000,2,0,60
410000,2,1,446
410000,2,2,1587
410000,2,3,1039
410000,3,0,77
410000,3,1,341
410000,3,2,772
410000,3,3,392
410000,4,0,670
410000,4,1,802
410000,4,2,744
410000,4,3,284
410000,5,0,1185
410000,5,1,358
410000,5,2,186
410000,5,3,39
410000,6,0,4124
410000,6,1,2612
410000,6,2,4013
410000,6,3,1387
410000,7,0,5158
410000,7,1,650
410000,7,2,175
410000,7,3,32
410000,8,0,4889
410000,8,1,28
410000,8,2,9
410000,9,0,3684
410000,9,1,2
410000,10,0,1009
420000,1,0,54
420000,1,1,701
420000,1,2,1600
420000,1,3,800
420000,2,0,128
420000,2,1,465
420000,2,2,1604
420000,2,3,1017
420000,3,0,74
420000,3,1,372
420000,3,2,727
420000,3,3,391
420000,4,0,758
420000,4,1,771
420000,4,2,731
420000,4,3,318
420000,5,0,1068
420000,5,1,349
420000,5,2,242
420000,5,3,50
420000,6,0,4531
420000,6,1,2733
420000,6,2,3776
420000,6,3,1412
420000,7,0,5429
420000,7,1,584
420000,7,2,215
420000,7,3,36
420000,8,0,5162
420000,8,1,31
420000,8,2,5
420000,8,3,1
420000,9,0,3684
420000,9,1,1
420000,9,2,2
420000,10,0,1122
430000,1,0,46
430000,1,1,967
430000,1,2,2090
430000,1,3,973
430000,2,0,136
430000,2,1,583
430000,2,2,2146
430000,2,3,1344
430000,3,0,129
430000,3,1,432
430000,3,2,920
430000,3,3,502
430000,4,0,977
430000,4,1,906
430000,4,2,841
430000,4,3,383
430000,5,0,1462
430000,5,1,487
430000,5,2,244
430000,5,3,54
430000,6,0,5580
430000,6,1,3405
430000,6,2,4991
430000,6,3,1778
430000,7,0,6778
430000,7,1,721
430000,7,2,234
430000,7,3,39
430000,8,0,6560
430000,8,1,35
430000,8,2,11
430000,8,3,2
430000,9,0,4936
430000,9,1,2
430000,9,2,1
430000,10,0,1558
440000,1,0,28
440000,1,1,459
440000,1,2,953
440000,1,3,398
440000,2,0,27
440000,2,1,263
440000,2,2,952
440000,2,3,566
440000,3,0,18
440000,3,1,202
440000,3,2,414
440000,3,3,211
440000,4,0,406
440000,4,1,444
440000,4,2,398
440000,4,3,149
440000,5,0,634
440000,5,1,234
440000,5,2,118
440000,5,3,15
440000,6,0,2473
440000,6,1,1574
440000,6,2,2254
440000,6,3,738
440000,7,0,3224
440000,7,1,377
440000,7,2,104
440000,7,3,14
440000,8,0,3081
440000,8,1,20
440000,8,2,6
440000,8,3,2
440000,9,0,2480
440000,9,2,1
440000,10,0,754
450000,1,0,24
450000,1,1,564
450000,1,2,1198
450000,1,3,589
450000,2,0,47
450000,2,1,368
450000,2,2,1217
450000,2,3,780
450000,3,0,119
450000,3,1,302
450000,3,2,560
450000,3,3,312
450000,4,0,802
450000,4,1,632
450000,4,2,543
450000,4,3,257
450000,5,0,928
450000,5,1,266
450000,5,2,155
450000,5,3,25
450000,6,0,3544
450000,6,1,2081
450000,6,2,2816
450000,6,3,1058
450000,7,0,4160
450000,7,1,540
450000,7,2,148
450000,7,3,30
450000,8,0,4156
450000,8,1,34
450000,8,2,12
450000,9,0,3057
450000,9,1,1
450000,10,0,937
461000,1,0,46
461000,1,1,4502
461000,1,2,8519
461000,1,3,3814
461000,2,0,88
461000,2,1,2114
461000,2,2,7316
461000,2,3,4815
461000,3,0,206
461000,3,1,1521
461000,3,2,3083
461000,3,3,1783
461000,4,0,18686
461000,4,1,3181
461000,4,2,2867
461000,4,3,1439
461000,5,0,17830
461000,5,1,2322
461000,5,2,900
461000,5,3,136
461000,6,0,25020
461000,6,1,12802
461000,6,2,17892
461000,6,3,6281
461000,7,0,20262
461000,7,1,2362
461000,7,2,840
461000,7,3,212
461000,8,0,18656
461000,8,1,157
461000,8,2,38
461000,8,3,8
461000,9,0,13698
461000,9,1,15
461000,9,2,1
461000,9,3,4
461000,10,0,4346
479000,1,0,40
479000,1,1,1010
479000,1,2,2579
479000,1,3,1230
479000,2,0,85
479000,2,1,673
479000,2,2,2216
479000,2,3,1610
479000,3,0,115
479000,3,1,509
479000,3,2,1004
479000,3,3,587
479000,4,0,1950
479000,4,1,1099
479000,4,2,905
479000,4,3,433
479000,5,0,2091
479000,5,1,438
479000,5,2,250
479000,5,3,45
479000,6,0,6028
479000,6,1,3699
479000,6,2,5516
479000,6,3,2177
479000,7,0,7282
479000,7,1,888
479000,7,2,254
479000,7,3,51
479000,8,0,7923
479000,8,1,57
479000,8,2,15
479000,8,3,1
479000,9,0,5310
479000,9,1,3
479000,9,2,1
479000,10,0,1661
480000,1,0,35
480000,1,1,513
480000,1,2,1179
480000,1,3,499
480000,2,0,48
480000,2,1,329
480000,2,2,1209
480000,2,3,742
480000,3,0,52
480000,3,1,303
480000,3,2,535
480000,3,3,276
480000,4,0,510
480000,4,1,541
480000,4,2,466
480000,4,3,239
480000,5,0,812
480000,5,1,258
480000,5,2,158
480000,5,3,24
480000,6,0,3415
480000,6,1,1994
480000,6,2,2805
480000,6,3,976
480000,7,0,3987
480000,7,1,412
480000,7,2,124
480000,7,3,32
480000,8,0,3765
480000,8,1,23
480000,8,2,6
480000,8,3,1
480000,9,0,2714
480000,9,1,1
480000,9,2,2
480000,10,0,741
482000,1,0,8
482000,1,1,146
482000,1,2,277
482000,1,3,160
482000,2,0,13
482000,2,1,150
482000,2,2,333
482000,2,3,225
482000,3,0,13
482000,3,1,86
482000,3,2,152
482000,3,3,77
482000,4,0,181
482000,4,1,183
482000,4,2,149
482000,4,3,73
482000,5,0,282
482000,5,1,78
482000,5,2,43
482000,5,3,7
482000,6,0,1422
482000,6,1,659
482000,6,2,731
482000,6,3,280
482000,7,0,1905
482000,7,1,143
482000,7,2,42
482000,7,3,13
482000,8,0,2375
482000,8,1,15
482000,8,2,3
482000,8,3,1
482000,9,0,1585
482000,9,1,1
482000,10,0,573
492000,1,0,5
492000,1,1,57
492000,1,2,134
492000,1,3,98
492000,2,0,4
492000,2,1,59
492000,2,2,171
492000,2,3,133
492000,3,0,26
492000,3,1,40
492000,3,2,61
492000,3,3,41
492000,4,0,170
492000,4,1,60
492000,4,2,47
492000,4,3,13
492000,5,0,149
492000,5,1,25
492000,5,2,13
492000,5,3,1
492000,6,0,636
492000,6,1,239
492000,6,2,333
492000,6,3,158
492000,7,0,998
492000,7,1,70
492000,7,2,25
492000,7,3,5
492000,8,0,1090
492000,8,1,8
492000,8,2,2
492000,8,3,1
492000,9,0,857
492000,9,1,1
492000,9,2,1
492000,10,0,277
510000,1,0,64
510000,1,1,908
510000,1,2,2005
510000,1,3,1178
510000,2,0,120
510000,2,1,585
510000,2,2,2019
510000,2,3,1578
510000,3,0,99
510000,3,1,449
510000,3,2,943
510000,3,3,601
510000,4,0,1674
510000,4,1,1030
510000,4,2,900
510000,4,3,396
510000,5,0,1937
510000,5,1,504
510000,5,2,279
510000,5,3,66
510000,6,0,6234
510000,6,1,3336
510000,6,2,4746
510000,6,3,2080
510000,7,0,7219
510000,7,1,744
510000,7,2,273
510000,7,3,45
510000,8,0,6783
510000,8,1,49
510000,8,2,13
510000,8,3,2
510000,9,0,4925
510000,9,2,1
510000,10,0,1568
530000,1,0,29
530000,1,1,499
530000,1,2,1184
530000,1,3,571
530000,2,0,31
530000,2,1,279
530000,2,2,1167
530000,2,3,765
530000,3,0,46
530000,3,1,215
530000,3,2,483
530000,3,3,309
530000,4,0,747
530000,4,1,489
530000,4,2,430
530000,4,3,215
530000,5,0,911
530000,5,1,241
530000,5,2,171
530000,5,3,26
530000,6,0,3071
530000,6,1,1760
530000,6,2,2680
530000,6,3,1047
530000,7,0,3222
530000,7,1,388
530000,7,2,124
530000,7,3,29
530000,8,0,2992
530000,8,1,18
530000,8,2,5
530000,9,0,2168
530000,9,1,1
530000,10,0,708
540000,1,0,51
540000,1,1,1191
540000,1,2,2630
540000,1,3,1529
540000,2,0,60
540000,2,1,853
540000,2,2,2759
540000,2,3,2017
540000,3,0,95
540000,3,1,593
540000,3,2,1294
540000,3,3,725
540000,4,0,2478
540000,4,1,1373
540000,4,2,1177
540000,4,3,539
540000,5,0,2549
540000,5,1,522
540000,5,2,370
540000,5,3,68
540000,6,0,7993
540000,6,1,4663
540000,6,2,6325
540000,6,3,2650
540000,7,0,9570
540000,7,1,1063
540000,7,2,358
540000,7,3,58
540000,8,0,8930
540000,8,1,54
540000,8,2,13
540000,8,3,4
540000,9,0,7415
540000,9,1,6
540000,9,2,1
540000,10,0,2404
550000,1,0,48
550000,1,1,513
550000,1,2,1304
550000,1,3,904
550000,2,0,92
550000,2,1,341
550000,2,2,1221
550000,2,3,1153
550000,3,0,105
550000,3,1,280
550000,3,2,497
550000,3,3,414
550000,4,0,985
550000,4,1,651
550000,4,2,506
550000,4,3,294
550000,5,0,1124
550000,5,1,292
550000,5,2,209
550000,5,3,54
550000,6,0,3849
550000,6,1,1899
550000,6,2,2802
550000,6,3,1522
550000,7,0,5223
550000,7,1,513
550000,7,2,164
550000,7,3,43
550000,8,0,5264
550000,8,1,38
550000,8,2,8
550000,8,3,1
550000,9,0,3440
550000,9,1,6
550000,9,2,2
550000,10,0,1117
561000,1,0,43
561000,1,1,2166
561000,1,2,5041
561000,1,3,2450
561000,2,0,104
561000,2,1,1292
561000,2,2,4272
561000,2,3,3242
561000,3,0,117
561000,3,1,927
561000,3,2,1789
561000,3,3,1125
561000,4,0,5117
561000,4,1,1977
561000,4,2,1651
561000,4,3,867
561000,5,0,5375
561000,5,1,1118
561000,5,2,698
561000,5,3,125
561000,6,0,12735
561000,6,1,7340
561000,6,2,10448
561000,6,3,4309
561000,7,0,14034
561000,7,1,1410
561000,7,2,422
561000,7,3,92
561000,8,0,13340
561000,8,1,76
561000,8,2,14
561000,8,3,5
561000,9,0,9332
561000,9,1,7
561000,9,2,2
561000,10,0,2696
563000,1,0,3
563000,1,1,37
563000,1,2,99
563000,1,3,79
563000,2,0,1
563000,2,1,39
563000,2,2,116
563000,2,3,85
563000,3,0,1
563000,3,1,19
563000,3,2,62
563000,3,3,39
563000,4,0,19
563000,4,1,50
563000,4,2,47
563000,4,3,30
563000,5,0,45
563000,5,1,14
563000,5,2,2
563000,5,3,2
563000,6,0,260
563000,6,1,166
563000,6,2,270
563000,6,3,128
563000,7,0,444
563000,7,1,55
563000,7,2,21
563000,7,3,5
563000,8,0,684
563000,8,1,4
563000,8,2,1
563000,8,3,1
563000,9,0,479
563000,10,0,119
573000,1,0,57
573000,1,1,918
573000,1,2,1991
573000,1,3,1189
573000,2,0,74
573000,2,1,492
573000,2,2,1809
573000,2,3,1663
573000,3,0,54
573000,3,1,395
573000,3,2,788
573000,3,3,598
573000,4,0,1239
573000,4,1,904
573000,4,2,811
573000,4,3,448
573000,5,0,1580
573000,5,1,492
573000,5,2,317
573000,5,3,68
573000,6,0,5090
573000,6,1,3091
573000,6,2,4419
573000,6,3,2197
573000,7,0,6308
573000,7,1,758
573000,7,2,227
573000,7,3,48
573000,8,0,6208
573000,8,1,30
573000,8,2,10
573000,8,3,3
573000,9,0,4234
573000,9,1,3
573000,10,0,1482
575000,1,0,48
575000,1,1,807
575000,1,2,1768
575000,1,3,1084
575000,2,0,68
575000,2,1,434
575000,2,2,1700
575000,2,3,1415
575000,3,0,47
575000,3,1,338
575000,3,2,708
575000,3,3,531
575000,4,0,1105
575000,4,1,817
575000,4,2,725
575000,4,3,390
575000,5,0,1361
575000,5,1,457
575000,5,2,269
575000,5,3,51
575000,6,0,4842
575000,6,1,2745
575000,6,2,3975
575000,6,3,1911
575000,7,0,5110
575000,7,1,572
575000,7,2,194
575000,7,3,46
575000,8,0,4674
575000,8,1,25
575000,8,2,3
575000,8,3,1
575000,9,0,3491
575000,9,1,3
575000,9,2,3
575000,10,0,1206
580000,1,0,63
580000,1,1,1018
580000,1,2,2235
580000,1,3,1290
580000,2,0,106
580000,2,1,635
580000,2,2,2111
580000,2,3,1717
580000,3,0,174
580000,3,1,509
580000,3,2,917
580000,3,3,641
580000,4,0,1648
580000,4,1,1120
580000,4,2,929
580000,4,3,481
580000,5,0,1791
580000,5,1,517
580000,5,2,282
580000,5,3,62
580000,6,0,6325
580000,6,1,3715
580000,6,2,5005
580000,6,3,2256
580000,7,0,7618
580000,7,1,846
580000,7,2,272
580000,7,3,63
580000,8,0,7571
580000,8,1,42
580000,8,2,9
580000,8,3,2
580000,9,0,5388
580000,9,1,2
580000,9,2,1
580000,10,0,1640
607000,1,0,16
607000,1,1,1011
607000,1,2,2072
607000,1,3,1011
607000,2,0,25
607000,2,1,665
607000,2,2,1941
607000,2,3,1422
607000,3,0,48
607000,3,1,462
607000,3,2,843
607000,3,3,505
607000,4,0,1762
607000,4,1,990
607000,4,2,788
607000,4,3,412
607000,5,0,2139
607000,5,1,460
607000,5,2,287
607000,5,3,47
607000,6,0,6598
607000,6,1,3568
607000,6,2,4568
607000,6,3,1801
607000,7,0,6485
607000,7,1,695
607000,7,2,181
607000,7,3,50
607000,8,0,5581
607000,8,1,45
607000,8,2,6
607000,8,3,2
607000,9,0,4453
607000,9,1,2
607000,10,0,1231
615000,1,0,39
615000,1,1,2157
615000,1,2,4674
615000,1,3,2118
615000,2,0,82
615000,2,1,1156
615000,2,2,4056
615000,2,3,2603
615000,3,0,79
615000,3,1,767
615000,3,2,1675
615000,3,3,919
615000,4,0,4802
615000,4,1,1659
615000,4,2,1505
615000,4,3,597
615000,5,0,4574
615000,5,1,1078
615000,5,2,548
615000,5,3,77
615000,6,0,11338
615000,6,1,6708
615000,6,2,9956
615000,6,3,3571
615000,7,0,9998
615000,7,1,1189
615000,7,2,398
615000,7,3,81
615000,8,0,9436
615000,8,1,76
615000,8,2,13
615000,8,3,4
615000,9,0,6585
615000,9,1,4
615000,10,0,1958
621000,1,0,48
621000,1,1,1873
621000,1,2,4143
621000,1,3,2081
621000,2,0,77
621000,2,1,1100
621000,2,2,3901
621000,2,3,2823
621000,3,0,125
621000,3,1,746
621000,3,2,1717
621000,3,3,970
621000,4,0,3874
621000,4,1,1701
621000,4,2,1626
621000,4,3,789
621000,5,0,4303
621000,5,1,898
621000,5,2,457
621000,5,3,61
621000,6,0,10685
621000,6,1,6269
621000,6,2,9449
621000,6,3,3729
621000,7,0,10462
621000,7,1,1279
621000,7,2,426
621000,7,3,88
621000,8,0,9616
621000,8,1,75
621000,8,2,21
621000,8,3,4
621000,9,0,7082
621000,9,1,1
621000,9,2,1
621000,10,0,2028
630000,1,0,48
630000,1,1,2472
630000,1,2,5865
630000,1,3,2782
630000,2,0,147
630000,2,1,1296
630000,2,2,4943
630000,2,3,3603
630000,3,0,143
630000,3,1,905
630000,3,2,2195
630000,3,3,1320
630000,4,0,4180
630000,4,1,2293
630000,4,2,2114
630000,4,3,1100
630000,5,0,5200
630000,5,1,1208
630000,5,2,613
630000,5,3,117
630000,6,0,13575
630000,6,1,7990
630000,6,2,12604
630000,6,3,4899
630000,7,0,13263
630000,7,1,1830
630000,7,2,645
630000,7,3,150
630000,8,0,11911
630000,8,1,94
630000,8,2,17
630000,8,3,10
630000,9,0,8805
630000,9,1,6
630000,9,3,2
630000,10,0,2604
657000,1,0,51
657000,1,1,1615
657000,1,2,3986
657000,1,3,2226
657000,2,0,94
657000,2,1,844
657000,2,2,3513
657000,2,3,2948
657000,3,0,106
657000,3,1,679
657000,3,2,1581
657000,3,3,1092
657000,4,0,3550
657000,4,1,1604
657000,4,2,1613
657000,4,3,845
657000,5,0,3783
657000,5,1,911
657000,5,2,498
657000,5,3,82
657000,6,0,9507
657000,6,1,5470
657000,6,2,8891
657000,6,3,4028
657000,7,0,10158
657000,7,1,1227
657000,7,2,447
657000,7,3,90
657000,8,0,9474
657000,8,1,63
657000,8,2,16
657000,8,3,4
657000,9,0,6832
657000,9,1,6
657000,10,0,2118
661000,1,0,18
661000,1,1,1073
661000,1,2,2562
661000,1,3,1685
661000,2,0,64
661000,2,1,546
661000,2,2,2242
661000,2,3,1981
661000,3,0,95
661000,3,1,403
661000,3,2,1078
661000,3,3,750
661000,4,0,2456
661000,4,1,947
661000,4,2,976
661000,4,3,557
661000,5,0,2353
661000,5,1,604
661000,5,2,319
661000,5,3,69
661000,6,0,5828
661000,6,1,3340
661000,6,2,5666
661000,6,3,2813
661000,7,0,6695
661000,7,1,787
661000,7,2,251
661000,7,3,61
661000,8,0,6621
661000,8,1,41
661000,8,2,8
661000,8,3,1
661000,9,0,4637
661000,9,1,4
661000,9,2,1
661000,10,0,1446
665000,1,0,7
665000,1,1,258
665000,1,2,734
665000,1,3,379
665000,2,0,27
665000,2,1,153
665000,2,2,507
665000,2,3,643
665000,3,0,17
665000,3,1,127
665000,3,2,281
665000,3,3,259
665000,4,0,413
665000,4,1,400
665000,4,2,319
665000,4,3,231
665000,5,0,504
665000,5,1,156
665000,5,2,107
665000,5,3,19
665000,6,0,1906
665000,6,1,986
665000,6,2,1472
665000,6,3,849
665000,7,0,2700
665000,7,1,382
665000,7,2,96
665000,7,3,22
665000,8,0,2759
665000,8,1,18
665000,8,2,4
665000,8,3,1
665000,9,0,2021
665000,9,1,1
665000,10,0,613
671000,1,0,9
671000,1,1,302
671000,1,2,688
671000,1,3,441
671000,2,0,27
671000,2,1,195
671000,2,2,613
671000,2,3,647
671000,3,0,115
671000,3,1,168
671000,3,2,346
671000,3,3,242
671000,4,0,548
671000,4,1,376
671000,4,2,345
671000,4,3,194
671000,5,0,570
671000,5,1,151
671000,5,2,110
671000,5,3,25
671000,6,0,2189
671000,6,1,1149
671000,6,2,1603
671000,6,3,856
671000,7,0,2706
671000,7,1,305
671000,7,2,93
671000,7,3,19
671000,8,0,2964
671000,8,1,11
671000,8,3,1
671000,9,0,2150
671000,9,1,1
671000,10,0,635
706000,1,0,24
706000,1,1,802
706000,1,2,2021
706000,1,3,881
706000,2,0,30
706000,2,1,468
706000,2,2,1757
706000,2,3,1138
706000,3,0,57
706000,3,1,345
706000,3,2,741
706000,3,3,445
706000,4,0,852
706000,4,1,726
706000,4,2,721
706000,4,3,331
706000,5,0,1075
706000,5,1,329
706000,5,2,180
706000,5,3,27
706000,6,0,4250
706000,6,1,2728
706000,6,2,4414
706000,6,3,1606
706000,7,0,5676
706000,7,1,661
706000,7,2,245
706000,7,3,44
706000,8,0,6020
706000,8,1,38
706000,8,2,19
706000,9,0,4372
706000,9,1,7
706000,9,2,1
706000,10,0,1176
707000,1,0,35
707000,1,1,596
707000,1,2,1223
707000,1,3,703
707000,2,0,63
707000,2,1,420
707000,2,2,1128
707000,2,3,858
707000,3,0,207
707000,3,1,309
707000,3,2,509
707000,3,3,337
707000,4,0,1261
707000,4,1,666
707000,4,2,470
707000,4,3,240
707000,5,0,1219
707000,5,1,331
707000,5,2,189
707000,5,3,43
707000,6,0,4453
707000,6,1,2212
707000,6,2,2646
707000,6,3,1156
707000,7,0,5220
707000,7,1,508
707000,7,2,125
707000,7,3,37
707000,8,0,5199
707000,8,1,34
707000,8,2,8
707000,8,3,1
707000,9,0,3478
707000,9,1,4
707000,10,0,1090
710000,1,0,13
710000,1,1,931
710000,1,2,2736
710000,1,3,1253
710000,2,0,44
710000,2,1,501
710000,2,2,2353
710000,2,3,1765
710000,3,0,59
710000,3,1,406
710000,3,2,1067
710000,3,3,666
710000,4,0,691
710000,4,1,916
710000,4,2,992
710000,4,3,542
710000,5,0,1247
710000,5,1,428
710000,5,2,254
710000,5,3,32
710000,6,0,4607
710000,6,1,3405
710000,6,2,6187
710000,6,3,2479
710000,7,0,5194
710000,7,1,692
710000,7,2,277
710000,7,3,51
710000,8,0,4888
710000,8,1,40
710000,8,2,8
710000,8,3,1
710000,9,0,3658
710000,9,1,2
710000,9,3,1
710000,10,0,1022
727000,1,0,8
727000,1,1,400
727000,1,2,1178
727000,1,3,476
727000,2,0,14
727000,2,1,248
727000,2,2,969
727000,2,3,672
727000,3,0,25
727000,3,1,215
727000,3,2,435
727000,3,3,243
727000,4,0,418
727000,4,1,439
727000,4,2,441
727000,4,3,230
727000,5,0,545
727000,5,1,171
727000,5,2,78
727000,5,3,9
727000,6,0,2037
727000,6,1,1551
727000,6,2,2565
727000,6,3,925
727000,7,0,2973
727000,7,1,385
727000,7,2,136
727000,7,3,20
727000,8,0,3033
727000,8,1,26
727000,8,2,5
727000,9,0,2087
727000,9,1,1
727000,9,2,1
727000,10,0,667
730000,1,0,40
730000,1,1,2095
730000,1,2,4254
730000,1,3,1942
730000,2,0,84
730000,2,1,1183
730000,2,2,3969
730000,2,3,2417
730000,3,0,97
730000,3,1,852
730000,3,2,1649
730000,3,3,953
730000,4,0,3890
730000,4,1,1891
730000,4,2,1507
730000,4,3,689
730000,5,0,4433
730000,5,1,1113
730000,5,2,572
730000,5,3,96
730000,6,0,12445
730000,6,1,6703
730000,6,2,9314
730000,6,3,3351
730000,7,0,11579
730000,7,1,1290
730000,7,2,374
730000,7,3,82
730000,8,0,10628
730000,8,1,65
730000,8,2,11
730000,8,3,4
730000,9,0,8012
730000,9,1,2
730000,9,2,1
730000,10,0,2344
740000,1,0,36
740000,1,1,2063
740000,1,2,5359
740000,1,3,2396
740000,2,0,88
740000,2,1,950
740000,2,2,4076
740000,2,3,2958
740000,3,0,93
740000,3,1,766
740000,3,2,1882
740000,3,3,1164
740000,4,0,2745
740000,4,1,1769
740000,4,2,1809
740000,4,3,911
740000,5,0,3611
740000,5,1,1000
740000,5,2,540
740000,5,3,78
740000,6,0,10080
740000,6,1,6565
740000,6,2,11041
740000,6,3,4307
740000,7,0,11083
740000,7,1,1358
740000,7,2,521
740000,7,3,111
740000,8,0,10661
740000,8,1,89
740000,8,2,20
740000,8,3,7
740000,9,0,7203
740000,9,1,7
740000,9,2,2
740000,10,0,2051
741000,1,0,6
741000,1,1,53
741000,1,2,112
741000,1,3,73
741000,2,0,7
741000,2,1,41
741000,2,2,94
741000,2,3,90
741000,3,0,11
741000,3,1,26
741000,3,2,43
741000,3,3,21
741000,4,0,42
741000,4,1,34
741000,4,2,27
741000,4,3,11
741000,5,0,68
741000,5,1,18
741000,5,2,9
741000,5,3,2
741000,6,0,435
741000,6,1,190
741000,6,2,219
741000,6,3,106
741000,7,0,624
741000,7,1,50
741000,7,2,19
741000,7,3,4
741000,8,0,701
741000,8,1,5
741000,8,2,1
741000,9,0,465
741000,9,1,1
741000,10,0,167
746000,1,0,13
746000,1,1,1275
746000,1,2,4313
746000,1,3,1900
746000,2,0,47
746000,2,1,697
746000,2,2,3337
746000,2,3,2050
746000,3,0,47
746000,3,1,487
746000,3,2,1465
746000,3,3,791
746000,4,0,884
746000,4,1,1187
746000,4,2,1392
746000,4,3,558
746000,5,0,1435
746000,5,1,471
746000,5,2,241
746000,5,3,26
746000,6,0,5290
746000,6,1,4473
746000,6,2,9157
746000,6,3,3153
746000,7,0,6615
746000,7,1,1053
746000,7,2,444
746000,7,3,68
746000,8,0,6512
746000,8,1,38
746000,8,2,16
746000,9,0,4490
746000,9,1,4
746000,9,3,1
746000,10,0,1207
751000,1,0,47
751000,1,1,7750
751000,1,2,15004
751000,1,3,7472
751000,2,0,122
751000,2,1,3284
751000,2,2,11666
751000,2,3,8708
751000,3,0,230
751000,3,1,2336
751000,3,2,4758
751000,3,3,3043
751000,4,0,41984
751000,4,1,5141
751000,4,2,4644
751000,4,3,2457
751000,5,0,40687
751000,5,1,3457
751000,5,2,1056
751000,5,3,193
751000,6,0,43306
751000,6,1,20800
751000,6,2,30000
751000,6,3,11764
751000,7,0,30008
751000,7,1,4764
751000,7,2,1623
751000,7,3,389
751000,8,0,29199
751000,8,1,326
751000,8,2,85
751000,8,3,20
751000,9,0,19236
751000,9,1,23
751000,9,2,7
751000,10,0,5954
756000,1,0,19
756000,1,1,822
756000,1,2,1850
756000,1,3,1005
756000,2,0,51
756000,2,1,469
756000,2,2,1827
756000,2,3,1363
756000,3,0,124
756000,3,1,325
756000,3,2,745
756000,3,3,492
756000,4,0,1213
756000,4,1,786
756000,4,2,689
756000,4,3,395
756000,5,0,1447
756000,5,1,447
756000,5,2,225
756000,5,3,52
756000,6,0,4738
756000,6,1,2768
756000,6,2,4280
756000,6,3,1844
756000,7,0,4899
756000,7,1,547
756000,7,2,187
756000,7,3,42
756000,8,0,4613
756000,8,1,32
756000,8,2,7
756000,9,0,3277
756000,9,1,1
756000,9,3,1
756000,10,0,958
760000,1,0,44
760000,1,1,907
760000,1,2,2041
760000,1,3,1584
760000,2,0,58
760000,2,1,479
760000,2,2,1820
760000,2,3,2112
760000,3,0,147
760000,3,1,418
760000,3,2,957
760000,3,3,817
760000,4,0,1522
760000,4,1,1052
760000,4,2,1008
760000,4,3,666
760000,5,0,1788
760000,5,1,525
760000,5,2,325
760000,5,3,76
760000,6,0,5450
760000,6,1,3223
760000,6,2,4776
760000,6,3,2960
760000,7,0,7024
760000,7,1,822
760000,7,2,264
760000,7,3,55
760000,8,0,6913
760000,8,1,31
760000,8,2,9
760000,8,3,1
760000,9,0,4844
760000,9,1,2
760000,10,0,1628
766000,1,0,24
766000,1,1,917
766000,1,2,2035
766000,1,3,1075
766000,2,0,80
766000,2,1,565
766000,2,2,1913
766000,2,3,1431
766000,3,0,86
766000,3,1,381
766000,3,2,879
766000,3,3,620
766000,4,0,931
766000,4,1,935
766000,4,2,902
766000,4,3,460
766000,5,0,1360
766000,5,1,501
766000,5,2,284
766000,5,3,59
766000,6,0,5160
766000,6,1,3346
766000,6,2,4731
766000,6,3,2032
766000,7,0,5850
766000,7,1,732
766000,7,2,229
766000,7,3,49
766000,8,0,5180
766000,8,1,37
766000,8,2,7
766000,8,3,3
766000,9,0,3620
766000,9,1,4
766000,10,0,1191
773000,1,0,35
773000,1,1,311
773000,1,2,620
773000,1,3,470
773000,2,0,57
773000,2,1,171
773000,2,2,608
773000,2,3,632
773000,3,0,102
773000,3,1,159
773000,3,2,287
773000,3,3,214
773000,4,0,518
773000,4,1,358
773000,4,2,307
773000,4,3,191
773000,5,0,603
773000,5,1,179
773000,5,2,111
773000,5,3,18
773000,6,0,2057
773000,6,1,1084
773000,6,2,1446
773000,6,3,840
773000,7,0,2708
773000,7,1,283
773000,7,2,88
773000,7,3,14
773000,8,0,2833
773000,8,1,17
773000,8,2,1
773000,9,0,1964
773000,9,1,1
773000,10,0,640
779000,1,0,24
779000,1,1,684
779000,1,2,1517
779000,1,3,950
779000,2,0,60
779000,2,1,439
779000,2,2,1630
779000,2,3,1305
779000,3,0,60
779000,3,1,319
779000,3,2,719
779000,3,3,554
779000,4,0,1360
779000,4,1,829
779000,4,2,718
779000,4,3,399
779000,5,0,1492
779000,5,1,410
779000,5,2,203
779000,5,3,50
779000,6,0,4963
779000,6,1,2501
779000,6,2,3753
779000,6,3,1793
779000,7,0,5918
779000,7,1,654
779000,7,2,201
779000,7,3,40
779000,8,0,5931
779000,8,1,41
779000,8,2,9
779000,9,0,4203
779000,9,1,3
779000,10,0,1337
787000,1,0,32
787000,1,1,719
787000,1,2,1665
787000,1,3,1120
787000,2,0,68
787000,2,1,407
787000,2,2,1470
787000,2,3,1348
787000,3,0,100
787000,3,1,317
787000,3,2,668
787000,3,3,537
787000,4,0,1266
787000,4,1,778
787000,4,2,687
787000,4,3,378
787000,5,0,1285
787000,5,1,443
787000,5,2,278
787000,5,3,54
787000,6,0,4410
787000,6,1,2443
787000,6,2,3584
787000,6,3,1928
787000,7,0,5615
787000,7,1,603
787000,7,2,205
787000,7,3,40
787000,8,0,5851
787000,8,1,30
787000,8,2,7
787000,8,3,1
787000,9,0,3882
787000,9,1,5
787000,10,0,1159
791000,1,0,61
791000,1,1,1755
791000,1,2,3987
791000,1,3,2286
791000,2,0,128
791000,2,1,1001
791000,2,2,4095
791000,2,3,3145
791000,3,0,214
791000,3,1,770
791000,3,2,1825
791000,3,3,1199
791000,4,0,3175
791000,4,1,1768
791000,4,2,1651
791000,4,3,866
791000,5,0,3686
791000,5,1,984
791000,5,2,490
791000,5,3,78
791000,6,0,10529
791000,6,1,5885
791000,6,2,9511
791000,6,3,4189
791000,7,0,11338
791000,7,1,1442
791000,7,2,504
791000,7,3,116
791000,8,0,10882
791000,8,1,85
791000,8,2,14
791000,8,3,2
791000,9,0,7642
791000,9,1,5
791000,10,0,2423
810000,1,0,55
810000,1,1,703
810000,1,2,1663
810000,1,3,831
810000,2,0,109
810000,2,1,400
810000,2,2,1454
810000,2,3,1116
810000,3,0,94
810000,3,1,275
810000,3,2,703
810000,3,3,386
810000,4,0,824
810000,4,1,621
810000,4,2,604
810000,4,3,251
810000,5,0,1057
810000,5,1,404
810000,5,2,223
810000,5,3,27
810000,6,0,3811
810000,6,1,2316
810000,6,2,3664
810000,6,3,1474
810000,7,0,4427
810000,7,1,501
810000,7,2,165
810000,7,3,30
810000,8,0,4188
810000,8,1,34
810000,8,2,7
810000,8,3,1
810000,9,0,3073
810000,10,0,1049
813000,1,0,36
813000,1,1,883
813000,1,2,2151
813000,1,3,1038
813000,2,0,65
813000,2,1,617
813000,2,2,2029
813000,2,3,1305
813000,3,0,69
813000,3,1,519
813000,3,2,932
813000,3,3,467
813000,4,0,1466
813000,4,1,995
813000,4,2,750
813000,4,3,319
813000,5,0,1723
813000,5,1,470
813000,5,2,302
813000,5,3,64
813000,6,0,6632
813000,6,1,3456
813000,6,2,4775
813000,6,3,1733
813000,7,0,8507
813000,7,1,743
813000,7,2,239
813000,7,3,34
813000,8,0,8243
813000,8,1,39
813000,8,2,8
813000,8,3,1
813000,9,0,6359
813000,9,1,4
813000,9,2,1
813000,10,0,1890
820000,1,0,46
820000,1,1,597
820000,1,2,1329
820000,1,3,786
820000,2,0,88
820000,2,1,417
820000,2,2,1317
820000,2,3,1090
820000,3,0,119
820000,3,1,318
820000,3,2,571
820000,3,3,400
820000,4,0,922
820000,4,1,622
820000,4,2,547
820000,4,3,303
820000,5,0,1138
820000,5,1,345
820000,5,2,202
820000,5,3,42
820000,6,0,3940
820000,6,1,2255
820000,6,2,3045
820000,6,3,1426
820000,7,0,4764
820000,7,1,469
820000,7,2,157
820000,7,3,36
820000,8,0,4684
820000,8,1,29
820000,8,2,5
820000,8,3,2
820000,9,0,3352
820000,9,1,2
820000,10,0,1066
825000,1,1,14
825000,1,2,39
825000,1,3,33
825000,2,0,2
825000,2,1,15
825000,2,2,33
825000,2,3,40
825000,3,1,14
825000,3,2,22
825000,3,3,12
825000,4,0,23
825000,4,1,18
825000,4,2,14
825000,4,3,4
825000,5,0,44
825000,5,1,8
825000,5,2,6
825000,5,3,1
825000,6,0,203
825000,6,1,71
825000,6,2,81
825000,6,3,45
825000,7,0,285
825000,7,1,19
825000,7,2,9
825000,7,3,1
825000,8,0,364
825000,9,0,278
825000,9,2,1
825000,10,0,90
840000,1,0,27
840000,1,1,660
840000,1,2,1828
840000,1,3,772
840000,2,0,60
840000,2,1,332
840000,2,2,1424
840000,2,3,986
840000,3,0,49
840000,3,1,236
840000,3,2,645
840000,3,3,327
840000,4,0,415
840000,4,1,535
840000,4,2,523
840000,4,3,248
840000,5,0,775
840000,5,1,353
840000,5,2,195
840000,5,3,23
840000,6,0,2752
840000,6,1,2104
840000,6,2,3777
840000,6,3,1363
840000,7,0,3539
840000,7,1,447
840000,7,2,154
840000,7,3,24
840000,8,0,3299
840000,8,1,33
840000,8,2,4
840000,9,0,2275
840000,9,3,1
840000,10,0,723
846000,1,0,42
846000,1,1,729
846000,1,2,1622
846000,1,3,805
846000,2,0,90
846000,2,1,439
846000,2,2,1498
846000,2,3,1081
846000,3,0,67
846000,3,1,355
846000,3,2,731
846000,3,3,428
846000,4,0,960
846000,4,1,730
846000,4,2,693
846000,4,3,318
846000,5,0,1307
846000,5,1,413
846000,5,2,256
846000,5,3,53
846000,6,0,4786
846000,6,1,2525
846000,6,2,3628
846000,6,3,1483
846000,7,0,5649
846000,7,1,602
846000,7,2,206
846000,7,3,34
846000,8,0,5450
846000,8,1,35
846000,8,2,9
846000,9,0,3686
846000,9,1,1
846000,9,2,2
846000,10,0,1145
849000,1,0,37
849000,1,1,667
849000,1,2,1595
849000,1,3,819
849000,2,0,88
849000,2,1,407
849000,2,2,1412
849000,2,3,1126
849000,3,0,82
849000,3,1,333
849000,3,2,655
849000,3,3,391
849000,4,0,789
849000,4,1,681
849000,4,2,600
849000,4,3,284
849000,5,0,1026
849000,5,1,360
849000,5,2,232
849000,5,3,51
849000,6,0,3825
849000,6,1,2446
849000,6,2,3472
849000,6,3,1476
849000,7,0,4938
849000,7,1,539
849000,7,2,202
849000,7,3,25
849000,8,0,5096
849000,8,1,22
849000,8,2,7
849000,9,0,3693
849000,9,1,2
849000,10,0,986
851000,1,0,70
851000,1,1,4708
851000,1,2,9333
851000,1,3,3860
851000,2,0,177
851000,2,1,2253
851000,2,2,7850
851000,2,3,4846
851000,3,0,211
851000,3,1,1726
851000,3,2,3171
851000,3,3,1796
851000,4,0,21001
851000,4,1,3254
851000,4,2,2702
851000,4,3,1242
851000,5,0,18448
851000,5,1,2380
851000,5,2,948
851000,5,3,141
851000,6,0,26289
851000,6,1,13905
851000,6,2,19332
851000,6,3,6570
851000,7,0,22308
851000,7,1,2501
851000,7,2,725
851000,7,3,180
851000,8,0,20603
851000,8,1,153
851000,8,2,32
851000,8,3,4
851000,9,0,15311
851000,9,1,6
851000,9,2,1
851000,10,0,4534
860000,1,0,61
860000,1,1,1113
860000,1,2,2358
860000,1,3,1367
860000,2,0,101
860000,2,1,652
860000,2,2,2252
860000,2,3,1777
860000,3,0,93
860000,3,1,508
860000,3,2,1076
860000,3,3,668
860000,4,0,1853
860000,4,1,1229
860000,4,2,911
860000,4,3,511
860000,5,0,2161
860000,5,1,622
860000,5,2,361
860000,5,3,67
860000,6,0,6887
860000,6,1,3763
860000,6,2,5367
860000,6,3,2382
860000,7,0,8511
860000,7,1,917
860000,7,2,248
860000,7,3,58
860000,8,0,8355
860000,8,1,52
860000,8,2,10
860000,8,3,2
860000,9,0,5764
860000,9,1,2
860000,9,2,2
860000,10,0,1937
