ZoneID0,AgeID,GenderID,Val
101000,1,1,28755
101000,1,2,27563
101000,2,1,19868
101000,2,2,19014
101000,3,1,7911
101000,3,2,7724
101000,4,1,35614
101000,4,2,42081
101000,5,1,43971
101000,5,2,47830
101000,6,1,124004
101000,6,2,119548
101000,7,1,30905
101000,7,2,29743
101000,8,1,18628
101000,8,2,20563
101000,9,1,10326
101000,9,2,13456
101000,10,1,1826
101000,10,2,4334
147000,1,1,4405
147000,1,2,4101
147000,2,1,3300
147000,2,2,3121
147000,3,1,1417
147000,3,2,1336
147000,4,1,5119
147000,4,2,5989
147000,5,1,5350
147000,5,2,5865
147000,6,1,17095
147000,6,2,17766
147000,7,1,5530
147000,7,2,5994
147000,8,1,3792
147000,8,2,4872
147000,9,1,3002
147000,9,2,4330
147000,10,1,694
147000,10,2,1586
151000,1,1,2350
151000,1,2,2312
151000,2,1,2068
151000,2,2,2000
151000,3,1,916
151000,3,2,831
151000,4,1,2095
151000,4,2,1854
151000,5,1,1475
151000,5,2,1351
151000,6,1,7891
151000,6,2,8039
151000,7,1,3319
151000,7,2,3360
151000,8,1,2056
151000,8,2,2434
151000,9,1,1717
151000,9,2,2524
151000,10,1,574
151000,10,2,873
153000,1,1,1785
153000,1,2,1688
153000,2,1,1449
153000,2,2,1455
153000,3,1,606
153000,3,2,651
153000,4,1,1582
153000,4,2,1520
153000,5,1,1305
153000,5,2,1245
153000,6,1,6170
153000,6,2,6009
153000,7,1,2312
153000,7,2,2388
153000,8,1,1710
153000,8,2,1879
153000,9,1,1100
153000,9,2,1394
153000,10,1,300
153000,10,2,580
155000,1,1,729
155000,1,2,670
155000,2,1,717
155000,2,2,687
155000,3,1,316
155000,3,2,264
155000,4,1,377
155000,4,2,328
155000,5,1,127
155000,5,2,153
155000,6,1,2205
155000,6,2,2294
155000,7,1,1005
155000,7,2,1077
155000,8,1,809
155000,8,2,927
155000,9,1,667
155000,9,2,790
155000,10,1,178
155000,10,2,289
157000,1,1,3242
157000,1,2,2993
157000,2,1,3617
157000,2,2,3404
157000,3,1,1689
157000,3,2,1601
157000,4,1,2779
157000,4,2,2582
157000,5,1,1528
157000,5,2,1655
157000,6,1,10926
157000,6,2,12178
157000,7,1,5102
157000,7,2,5574
157000,8,1,3512
157000,8,2,4156
157000,9,1,2664
157000,9,2,3575
157000,10,1,650
157000,10,2,1411
159000,1,1,3470
159000,1,2,3283
159000,2,1,3205
159000,2,2,3008
159000,3,1,1426
159000,3,2,1226
159000,4,1,3127
159000,4,2,2733
159000,5,1,2387
159000,5,2,2125
159000,6,1,11790
159000,6,2,11754
159000,7,1,4278
159000,7,2,4285
159000,8,1,2903
159000,8,2,3272
159000,9,1,1764
159000,9,2,2377
159000,10,1,466
159000,10,2,1122
161000,1,1,1166
161000,1,2,1026
161000,2,1,896
161000,2,2,829
161000,3,1,428
161000,3,2,323
161000,4,1,1002
161000,4,2,873
161000,5,1,843
161000,5,2,809
161000,6,1,4157
161000,6,2,3903
161000,7,1,1544
161000,7,2,1497
161000,8,1,955
161000,8,2,1140
161000,9,1,668
161000,9,2,951
161000,10,1,193
161000,10,2,432
163000,1,1,1323
163000,1,2,1338
163000,2,1,1368
163000,2,2,1296
163000,3,1,534
163000,3,2,528
163000,4,1,1281
163000,4,2,1058
163000,5,1,817
163000,5,2,781
163000,6,1,4703
163000,6,2,4768
163000,7,1,1829
163000,7,2,1935
163000,8,1,1365
163000,8,2,1556
163000,9,1,817
163000,9,2,1128
163000,10,1,264
163000,10,2,526
165000,1,1,1225
165000,1,2,1176
165000,2,1,1221
165000,2,2,1190
165000,3,1,574
165000,3,2,500
165000,4,1,1452
165000,4,2,1264
165000,5,1,950
165000,5,2,849
165000,6,1,4325
165000,6,2,4357
165000,7,1,1640
165000,7,2,1670
165000,8,1,1112
165000,8,2,1351
165000,9,1,964
165000,9,2,1220
165000,10,1,206
165000,10,2,284
167000,1,1,2710
167000,1,2,2507
167000,2,1,2399
167000,2,2,2335
167000,3,1,1025
167000,3,2,932
167000,4,1,2231
167000,4,2,2066
167000,5,1,1590
167000,5,2,1488
167000,6,1,9059
167000,6,2,9145
167000,7,1,3171
167000,7,2,3325
167000,8,1,2284
167000,8,2,2584
167000,9,1,1528
167000,9,2,1938
167000,10,1,386
167000,10,2,740
169000,1,1,2724
169000,1,2,2576
169000,2,1,2263
169000,2,2,2181
169000,3,1,1043
169000,3,2,945
169000,4,1,2279
169000,4,2,2125
169000,5,1,2017
169000,5,2,2020
169000,6,1,10087
169000,6,2,9217
169000,7,1,3280
169000,7,2,3123
169000,8,1,2191
169000,8,2,2448
169000,9,1,1689
169000,9,2,2117
169000,10,1,328
169000,10,2,605
173000,1,1,2478
173000,1,2,2322
173000,2,1,2607
173000,2,2,2443
173000,3,1,1186
173000,3,2,1052
173000,4,1,3313
173000,4,2,2607
173000,5,1,2249
173000,5,2,1651
173000,6,1,8597
173000,6,2,9018
173000,7,1,3555
173000,7,2,3876
173000,8,1,2624
173000,8,2,3096
173000,9,1,1790
173000,9,2,2352
173000,10,1,476
173000,10,2,1142
175000,1,1,2152
175000,1,2,2005
175000,2,1,1874
175000,2,2,1699
175000,3,1,785
175000,3,2,683
175000,4,1,1616
175000,4,2,1595
175000,5,1,1340
175000,5,2,1341
175000,6,1,7240
175000,6,2,7238
175000,7,1,2627
175000,7,2,2757
175000,8,1,1781
175000,8,2,2061
175000,9,1,1139
175000,9,2,1565
175000,10,1,315
175000,10,2,750
183000,1,1,1093
183000,1,2,1126
183000,2,1,1027
183000,2,2,980
183000,3,1,408
183000,3,2,440
183000,4,1,1120
183000,4,2,978
183000,5,1,800
183000,5,2,790
183000,6,1,4129
183000,6,2,3904
183000,7,1,1404
183000,7,2,1427
183000,8,1,930
183000,8,2,1069
183000,9,1,714
183000,9,2,815
183000,10,1,120
183000,10,2,183
185000,1,1,2100
185000,1,2,2015
185000,2,1,2051
185000,2,2,1826
185000,3,1,884
185000,3,2,817
185000,4,1,1486
185000,4,2,1347
185000,5,1,956
185000,5,2,891
185000,6,1,7277
185000,6,2,7344
185000,7,1,2837
185000,7,2,2926
185000,8,1,2050
185000,8,2,2264
185000,9,1,1365
185000,9,2,1685
185000,10,1,328
185000,10,2,593
187000,1,1,950
187000,1,2,872
187000,2,1,856
187000,2,2,798
187000,3,1,318
187000,3,2,310
187000,4,1,641
187000,4,2,571
187000,5,1,460
187000,5,2,423
187000,6,1,2946
187000,6,2,2929
187000,7,1,899
187000,7,2,858
187000,8,1,688
187000,8,2,768
187000,9,1,652
187000,9,2,786
187000,10,1,127
187000,10,2,179
190000,1,1,2218
190000,1,2,2054
190000,2,1,2115
190000,2,2,1910
190000,3,1,888
190000,3,2,877
190000,4,1,1346
190000,4,2,1167
190000,5,1,608
190000,5,2,613
190000,6,1,6479
190000,6,2,6895
190000,7,1,2836
190000,7,2,2842
190000,8,1,1941
190000,8,2,2349
190000,9,1,1619
190000,9,2,2038
190000,10,1,483
190000,10,2,799
201000,1,1,1343
201000,1,2,1274
201000,2,1,1253
201000,2,2,1229
201000,3,1,592
201000,3,2,560
201000,4,1,897
201000,4,2,732
201000,5,1,315
201000,5,2,317
201000,6,1,4022
201000,6,2,4280
201000,7,1,1788
201000,7,2,1861
201000,8,1,1215
201000,8,2,1353
201000,9,1,1075
201000,9,2,1285
201000,10,1,255
201000,10,2,415
210000,1,1,1892
210000,1,2,1865
210000,2,1,1836
210000,2,2,1742
210000,3,1,830
210000,3,2,843
210000,4,1,1318
210000,4,2,1213
210000,5,1,744
210000,5,2,726
210000,6,1,6145
210000,6,2,6604
210000,7,1,2892
210000,7,2,3108
210000,8,1,2387
210000,8,2,2723
210000,9,1,1774
210000,9,2,2098
210000,10,1,328
210000,10,2,621
217000,1,1,2530
217000,1,2,2485
217000,2,1,2356
217000,2,2,2329
217000,3,1,1225
217000,3,2,1148
217000,4,1,2282
217000,4,2,2055
217000,5,1,1312
217000,5,2,1286
217000,6,1,8929
217000,6,2,9525
217000,7,1,4856
217000,7,2,4977
217000,8,1,3622
217000,8,2,4201
217000,9,1,2898
217000,9,2,3610
217000,10,1,646
217000,10,2,1127
219000,1,1,2418
219000,1,2,2377
219000,2,1,2245
219000,2,2,2186
219000,3,1,1091
219000,3,2,1102
219000,4,1,2378
219000,4,2,2168
219000,5,1,1580
219000,5,2,1413
219000,6,1,8491
219000,6,2,8765
219000,7,1,3743
219000,7,2,3838
219000,8,1,2399
219000,8,2,2679
219000,9,1,1807
219000,9,2,2303
219000,10,1,444
219000,10,2,732
223000,1,1,994
223000,1,2,911
223000,2,1,1062
223000,2,2,994
223000,3,1,530
223000,3,2,538
223000,4,1,778
223000,4,2,663
223000,5,1,306
223000,5,2,371
223000,6,1,3238
223000,6,2,3654
223000,7,1,1701
223000,7,2,1867
223000,8,1,1360
223000,8,2,1645
223000,9,1,1304
223000,9,2,1781
223000,10,1,366
223000,10,2,652
230000,1,1,2760
230000,1,2,2592
230000,2,1,2632
230000,2,2,2460
230000,3,1,1311
230000,3,2,1226
230000,4,1,2270
230000,4,2,1790
230000,5,1,979
230000,5,2,813
230000,6,1,8088
230000,6,2,8817
230000,7,1,3952
230000,7,2,4041
230000,8,1,2856
230000,8,2,3090
230000,9,1,2319
230000,9,2,3081
230000,10,1,767
230000,10,2,1349
240000,1,1,2396
240000,1,2,2235
240000,2,1,2010
240000,2,2,1974
240000,3,1,1023
240000,3,2,933
240000,4,1,1625
240000,4,2,1323
240000,5,1,822
240000,5,2,849
240000,6,1,7527
240000,6,2,7872
240000,7,1,3114
240000,7,2,3015
240000,8,1,1895
240000,8,2,2113
240000,9,1,1691
240000,9,2,1985
240000,10,1,337
240000,10,2,463
250000,1,1,1791
250000,1,2,1675
250000,2,1,1791
250000,2,2,1685
250000,3,1,915
250000,3,2,895
250000,4,1,1662
250000,4,2,1392
250000,5,1,946
250000,5,2,924
250000,6,1,6756
250000,6,2,6933
250000,7,1,3653
250000,7,2,3622
250000,8,1,2676
250000,8,2,2986
250000,9,1,2163
250000,9,2,2535
250000,10,1,408
250000,10,2,709
253000,1,1,2501
253000,1,2,2331
253000,2,1,2338
253000,2,2,2107
253000,3,1,1025
253000,3,2,976
253000,4,1,1829
253000,4,2,1605
253000,5,1,1063
253000,5,2,1030
253000,6,1,8147
253000,6,2,8505
253000,7,1,3512
253000,7,2,3525
253000,8,1,2430
253000,8,2,2778
253000,9,1,2139
253000,9,2,2623
253000,10,1,436
253000,10,2,607
259000,1,1,2801
259000,1,2,2648
259000,2,1,2432
259000,2,2,2301
259000,3,1,1253
259000,3,2,1199
259000,4,1,2526
259000,4,2,2203
259000,5,1,1751
259000,5,2,1648
259000,6,1,10105
259000,6,2,10133
259000,7,1,4387
259000,7,2,4302
259000,8,1,2863
259000,8,2,3272
259000,9,1,2400
259000,9,2,2958
259000,10,1,499
259000,10,2,777
260000,1,1,1103
260000,1,2,1037
260000,2,1,1162
260000,2,2,1057
260000,3,1,545
260000,3,2,513
260000,4,1,1040
260000,4,2,908
260000,5,1,660
260000,5,2,603
260000,6,1,4516
260000,6,2,4507
260000,7,1,2462
260000,7,2,2557
260000,8,1,2209
260000,8,2,2342
260000,9,1,1648
260000,9,2,1783
260000,10,1,318
260000,10,2,496
265000,1,1,3855
265000,1,2,3669
265000,2,1,3795
265000,2,2,3632
265000,3,1,1832
265000,3,2,1828
265000,4,1,4067
265000,4,2,3957
265000,5,1,2594
265000,5,2,2368
265000,6,1,13855
265000,6,2,14338
265000,7,1,6130
265000,7,2,6297
265000,8,1,4196
265000,8,2,4814
265000,9,1,3156
265000,9,2,3981
265000,10,1,748
265000,10,2,1334
269000,1,1,1341
269000,1,2,1198
269000,2,1,1118
269000,2,2,1057
269000,3,1,478
269000,3,2,515
269000,4,1,825
269000,4,2,747
269000,5,1,485
269000,5,2,488
269000,6,1,3901
269000,6,2,4099
269000,7,1,1547
269000,7,2,1567
269000,8,1,1119
269000,8,2,1245
269000,9,1,928
269000,9,2,1120
269000,10,1,162
269000,10,2,276
270000,1,1,1472
270000,1,2,1327
270000,2,1,1488
270000,2,2,1447
270000,3,1,815
270000,3,2,765
270000,4,1,1381
270000,4,2,1084
270000,5,1,739
270000,5,2,729
270000,6,1,5696
270000,6,2,5870
270000,7,1,3432
270000,7,2,3501
270000,8,1,2939
270000,8,2,3034
270000,9,1,2262
270000,9,2,2442
270000,10,1,442
270000,10,2,682
306000,1,1,930
306000,1,2,946
306000,2,1,1103
306000,2,2,1012
306000,3,1,540
306000,3,2,505
306000,4,1,1055
306000,4,2,827
306000,5,1,688
306000,5,2,564
306000,6,1,4371
306000,6,2,4231
306000,7,1,2681
306000,7,2,2768
306000,8,1,2720
306000,8,2,2883
306000,9,1,2035
306000,9,2,2092
306000,10,1,412
306000,10,2,614
316000,1,1,3146
316000,1,2,2875
316000,2,1,2995
316000,2,2,2897
316000,3,1,1483
316000,3,2,1414
316000,4,1,2831
316000,4,2,2481
316000,5,1,1873
316000,5,2,1770
316000,6,1,11311
316000,6,2,11504
316000,7,1,5281
316000,7,2,5437
316000,8,1,4123
316000,8,2,4506
316000,9,1,2785
316000,9,2,3160
316000,10,1,562
316000,10,2,1006
320000,1,1,1497
320000,1,2,1337
320000,2,1,1413
320000,2,2,1296
320000,3,1,783
320000,3,2,643
320000,4,1,1341
320000,4,2,1068
320000,5,1,916
320000,5,2,831
320000,6,1,6045
320000,6,2,5651
320000,7,1,2900
320000,7,2,2893
320000,8,1,2308
320000,8,2,2334
320000,9,1,1517
320000,9,2,1688
320000,10,1,321
320000,10,2,562
326000,1,1,1767
326000,1,2,1678
326000,2,1,1866
326000,2,2,1702
326000,3,1,931
326000,3,2,885
326000,4,1,1805
326000,4,2,1495
326000,5,1,1175
326000,5,2,1088
326000,6,1,7158
326000,6,2,7083
326000,7,1,3784
326000,7,2,3783
326000,8,1,3226
326000,8,2,3295
326000,9,1,2217
326000,9,2,2425
326000,10,1,481
326000,10,2,758
329000,1,1,1604
329000,1,2,1447
329000,2,1,1400
329000,2,2,1394
329000,3,1,679
329000,3,2,682
329000,4,1,1446
329000,4,2,1256
329000,5,1,1089
329000,5,2,983
329000,6,1,6343
329000,6,2,5857
329000,7,1,2470
329000,7,2,2485
329000,8,1,1703
329000,8,2,1829
329000,9,1,1143
329000,9,2,1357
329000,10,1,268
329000,10,2,471
330000,1,1,3189
330000,1,2,3059
330000,2,1,2890
330000,2,2,2743
330000,3,1,1462
330000,3,2,1353
330000,4,1,3420
330000,4,2,3117
330000,5,1,2614
330000,5,2,2440
330000,6,1,12091
330000,6,2,11903
330000,7,1,5668
330000,7,2,5680
330000,8,1,4514
330000,8,2,4808
330000,9,1,3129
330000,9,2,3730
330000,10,1,657
330000,10,2,1261
336000,1,1,891
336000,1,2,908
336000,2,1,926
336000,2,2,861
336000,3,1,447
336000,3,2,402
336000,4,1,772
336000,4,2,598
336000,5,1,437
336000,5,2,440
336000,6,1,3551
336000,6,2,3553
336000,7,1,1911
336000,7,2,1890
336000,8,1,1570
336000,8,2,1586
336000,9,1,1160
336000,9,2,1191
336000,10,1,242
336000,10,2,356
340000,1,1,1319
340000,1,2,1219
340000,2,1,1298
340000,2,2,1138
340000,3,1,638
340000,3,2,603
340000,4,1,1040
340000,4,2,882
340000,5,1,698
340000,5,2,630
340000,6,1,4741
340000,6,2,4791
340000,7,1,2330
340000,7,2,2350
340000,8,1,1727
340000,8,2,1826
340000,9,1,1151
340000,9,2,1334
340000,10,1,272
340000,10,2,457
350000,1,1,1365
350000,1,2,1331
350000,2,1,1243
350000,2,2,1248
350000,3,1,593
350000,3,2,590
350000,4,1,941
350000,4,2,812
350000,5,1,482
350000,5,2,445
350000,6,1,4509
350000,6,2,4661
350000,7,1,2131
350000,7,2,2048
350000,8,1,1639
350000,8,2,1760
350000,9,1,1261
350000,9,2,1267
350000,10,1,205
350000,10,2,399
360000,1,1,1203
360000,1,2,1168
360000,2,1,1322
360000,2,2,1280
360000,3,1,625
360000,3,2,605
360000,4,1,1273
360000,4,2,1048
360000,5,1,833
360000,5,2,711
360000,6,1,5633
360000,6,2,5224
360000,7,1,3402
360000,7,2,3264
360000,8,1,3200
360000,8,2,3266
360000,9,1,2217
360000,9,2,2325
360000,10,1,491
360000,10,2,831
370000,1,1,3394
370000,1,2,3111
370000,2,1,3304
370000,2,2,3126
370000,3,1,1603
370000,3,2,1554
370000,4,1,3425
370000,4,2,3137
370000,5,1,2384
370000,5,2,2311
370000,6,1,13087
370000,6,2,12915
370000,7,1,5976
370000,7,2,6057
370000,8,1,4846
370000,8,2,5260
370000,9,1,3203
370000,9,2,3937
370000,10,1,714
370000,10,2,1230
376000,1,1,2111
376000,1,2,2056
376000,2,1,2048
376000,2,2,1930
376000,3,1,990
376000,3,2,967
376000,4,1,2144
376000,4,2,1815
376000,5,1,1536
376000,5,2,1394
376000,6,1,8694
376000,6,2,8383
376000,7,1,4730
376000,7,2,4642
376000,8,1,4251
376000,8,2,4306
376000,9,1,2968
376000,9,2,3419
376000,10,1,687
376000,10,2,1160
390000,1,1,1480
390000,1,2,1385
390000,2,1,1564
390000,2,2,1515
390000,3,1,788
390000,3,2,794
390000,4,1,1604
390000,4,2,1375
390000,5,1,1048
390000,5,2,886
390000,6,1,6404
390000,6,2,6175
390000,7,1,3632
390000,7,2,3760
390000,8,1,3345
390000,8,2,3437
390000,9,1,2345
390000,9,2,2597
390000,10,1,490
390000,10,2,817
400000,1,1,1389
400000,1,2,1280
400000,2,1,1389
400000,2,2,1310
400000,3,1,638
400000,3,2,597
400000,4,1,1110
400000,4,2,976
400000,5,1,810
400000,5,2,781
400000,6,1,5246
400000,6,2,5406
400000,7,1,3246
400000,7,2,3361
400000,8,1,3128
400000,8,2,3210
400000,9,1,2161
400000,9,2,2345
400000,10,1,470
400000,10,2,842
410000,1,1,1684
410000,1,2,1523
410000,2,1,1633
410000,2,2,1499
410000,3,1,822
410000,3,2,760
410000,4,1,1340
410000,4,2,1160
410000,5,1,892
410000,5,2,876
410000,6,1,6070
410000,6,2,6066
410000,7,1,3015
410000,7,2,3000
410000,8,1,2382
410000,8,2,2544
410000,9,1,1770
410000,9,2,1916
410000,10,1,405
410000,10,2,604
420000,1,1,1623
420000,1,2,1532
420000,2,1,1674
420000,2,2,1540
420000,3,1,834
420000,3,2,730
420000,4,1,1369
420000,4,2,1209
420000,5,1,871
420000,5,2,838
420000,6,1,6313
420000,6,2,6139
420000,7,1,3174
420000,7,2,3090
420000,8,1,2566
420000,8,2,2633
420000,9,1,1756
420000,9,2,1931
420000,10,1,446
420000,10,2,676
430000,1,1,2078
430000,1,2,1998
430000,2,1,2220
430000,2,2,1989
430000,3,1,1043
430000,3,2,940
430000,4,1,1699
430000,4,2,1408
430000,5,1,1158
430000,5,2,1089
430000,6,1,7913
430000,6,2,7841
430000,7,1,3871
430000,7,2,3901
430000,8,1,3293
430000,8,2,3315
430000,9,1,2331
430000,9,2,2608
430000,10,1,603
430000,10,2,955
440000,1,1,933
440000,1,2,905
440000,2,1,959
440000,2,2,849
440000,3,1,420
440000,3,2,425
440000,4,1,724
440000,4,2,673
440000,5,1,513
440000,5,2,488
440000,6,1,3492
440000,6,2,3547
440000,7,1,1862
440000,7,2,1857
440000,8,1,1497
440000,8,2,1612
440000,9,1,1151
440000,9,2,1330
440000,10,1,285
440000,10,2,469
450000,1,1,1215
450000,1,2,1160
450000,2,1,1232
450000,2,2,1180
450000,3,1,636
450000,3,2,657
450000,4,1,1175
450000,4,2,1059
450000,5,1,718
450000,5,2,656
450000,6,1,4717
450000,6,2,4782
450000,7,1,2431
450000,7,2,2447
450000,8,1,2063
450000,8,2,2139
450000,9,1,1430
450000,9,2,1628
450000,10,1,336
450000,10,2,601
461000,1,1,8664
461000,1,2,8217
461000,2,1,7380
461000,2,2,6953
461000,3,1,3309
461000,3,2,3284
461000,4,1,12663
461000,4,2,13510
461000,5,1,10999
461000,5,2,10189
461000,6,1,31538
461000,6,2,30457
461000,7,1,11710
461000,7,2,11966
461000,8,1,8863
461000,8,2,9996
461000,9,1,6041
461000,9,2,7677
461000,10,1,1484
461000,10,2,2862
479000,1,1,2451
479000,1,2,2408
479000,2,1,2351
479000,2,2,2233
479000,3,1,1170
479000,3,2,1045
479000,4,1,2364
479000,4,2,2023
479000,5,1,1519
479000,5,2,1305
479000,6,1,8629
479000,6,2,8791
479000,7,1,4112
479000,7,2,4363
479000,8,1,3916
479000,8,2,4080
479000,9,1,2463
479000,9,2,2851
479000,10,1,621
479000,10,2,1040
480000,1,1,1137
480000,1,2,1089
480000,2,1,1217
480000,2,2,1111
480000,3,1,596
480000,3,2,570
480000,4,1,946
480000,4,2,810
480000,5,1,634
480000,5,2,618
480000,6,1,4705
480000,6,2,4485
480000,7,1,2276
480000,7,2,2279
480000,8,1,1908
480000,8,2,1887
480000,9,1,1303
480000,9,2,1414
480000,10,1,294
480000,10,2,447
482000,1,1,308
482000,1,2,283
482000,2,1,385
482000,2,2,336
482000,3,1,177
482000,3,2,151
482000,4,1,327
482000,4,2,259
482000,5,1,225
482000,5,2,185
482000,6,1,1583
482000,6,2,1509
482000,7,1,1062
482000,7,2,1041
482000,8,1,1229
482000,8,2,1165
482000,9,1,780
482000,9,2,806
482000,10,1,197
482000,10,2,376
492000,1,1,140
492000,1,2,154
492000,2,1,177
492000,2,2,190
492000,3,1,86
492000,3,2,82
492000,4,1,172
492000,4,2,118
492000,5,1,121
492000,5,2,67
492000,6,1,679
492000,6,2,687
492000,7,1,537
492000,7,2,561
492000,8,1,541
492000,8,2,560
492000,9,1,397
492000,9,2,462
492000,10,1,108
492000,10,2,169
510000,1,1,2144
510000,1,2,2011
510000,2,1,2222
510000,2,2,2080
510000,3,1,1032
510000,3,2,1060
510000,4,1,2144
510000,4,2,1856
510000,5,1,1486
510000,5,2,1300
510000,6,1,8334
510000,6,2,8062
510000,7,1,4166
510000,7,2,4115
510000,8,1,3408
510000,8,2,3439
510000,9,1,2286
510000,9,2,2640
510000,10,1,556
510000,10,2,1012
530000,1,1,1187
530000,1,2,1096
530000,2,1,1109
530000,2,2,1133
530000,3,1,514
530000,3,2,539
530000,4,1,1056
530000,4,2,825
530000,5,1,723
530000,5,2,626
530000,6,1,4408
530000,6,2,4150
530000,7,1,1909
530000,7,2,1854
530000,8,1,1485
530000,8,2,1530
530000,9,1,1026
530000,9,2,1143
530000,10,1,274
530000,10,2,434
540000,1,1,2792
540000,1,2,2609
540000,2,1,2879
540000,2,2,2810
540000,3,1,1414
540000,3,2,1293
540000,4,1,3094
540000,4,2,2473
540000,5,1,1946
540000,5,2,1563
540000,6,1,10828
540000,6,2,10803
540000,7,1,5606
540000,7,2,5443
540000,8,1,4368
540000,8,2,4633
540000,9,1,3388
540000,9,2,4034
540000,10,1,905
540000,10,2,1499
550000,1,1,1414
550000,1,2,1355
550000,2,1,1423
550000,2,2,1384
550000,3,1,651
550000,3,2,645
550000,4,1,1344
550000,4,2,1092
550000,5,1,921
550000,5,2,758
550000,6,1,5144
550000,6,2,4928
550000,7,1,2911
550000,7,2,3032
550000,8,1,2711
550000,8,2,2600
550000,9,1,1699
550000,9,2,1749
550000,10,1,385
550000,10,2,732
561000,1,1,4957
561000,1,2,4743
561000,2,1,4534
561000,2,2,4376
561000,3,1,2078
561000,3,2,1880
561000,4,1,4971
561000,4,2,4641
561000,5,1,3952
561000,5,2,3364
561000,6,1,17644
561000,6,2,17188
561000,7,1,8019
561000,7,2,7939
561000,8,1,6566
561000,8,2,6869
561000,9,1,4336
561000,9,2,5005
561000,10,1,1044
561000,10,2,1652
563000,1,1,109
563000,1,2,109
563000,2,1,121
563000,2,2,120
563000,3,1,66
563000,3,2,55
563000,4,1,90
563000,4,2,56
563000,5,1,30
563000,5,2,33
563000,6,1,390
563000,6,2,434
563000,7,1,241
563000,7,2,284
563000,8,1,347
563000,8,2,343
563000,9,1,238
563000,9,2,241
563000,10,1,33
563000,10,2,86
573000,1,1,2122
573000,1,2,2033
573000,2,1,2090
573000,2,2,1948
573000,3,1,966
573000,3,2,869
573000,4,1,1805
573000,4,2,1597
573000,5,1,1308
573000,5,2,1149
573000,6,1,7537
573000,6,2,7260
573000,7,1,3749
573000,7,2,3592
573000,8,1,3130
573000,8,2,3121
573000,9,1,2082
573000,9,2,2155
573000,10,1,561
573000,10,2,921
575000,1,1,1892
575000,1,2,1815
575000,2,1,1820
575000,2,2,1797
575000,3,1,829
575000,3,2,795
575000,4,1,1690
575000,4,2,1347
575000,5,1,1112
575000,5,2,1026
575000,6,1,7016
575000,6,2,6457
575000,7,1,3047
575000,7,2,2875
575000,8,1,2347
575000,8,2,2356
575000,9,1,1638
575000,9,2,1859
575000,10,1,475
575000,10,2,731
580000,1,1,2341
580000,1,2,2265
580000,2,1,2353
580000,2,2,2216
580000,3,1,1124
580000,3,2,1117
580000,4,1,2173
580000,4,2,2005
580000,5,1,1382
580000,5,2,1270
580000,6,1,8702
580000,6,2,8599
580000,7,1,4394
580000,7,2,4405
580000,8,1,3745
580000,8,2,3879
580000,9,1,2576
580000,9,2,2815
580000,10,1,632
580000,10,2,1009
607000,1,1,2092
607000,1,2,2018
607000,2,1,2076
607000,2,2,1977
607000,3,1,945
607000,3,2,913
607000,4,1,2049
607000,4,2,1903
607000,5,1,1578
607000,5,2,1355
607000,6,1,8464
607000,6,2,8071
607000,7,1,3718
607000,7,2,3693
607000,8,1,2738
607000,8,2,2896
607000,9,1,2068
607000,9,2,2387
607000,10,1,442
607000,10,2,790
615000,1,1,4622
615000,1,2,4366
615000,2,1,4044
615000,2,2,3853
615000,3,1,1709
615000,3,2,1731
615000,4,1,4549
615000,4,2,4014
615000,5,1,3287
615000,5,2,2990
615000,6,1,16173
615000,6,2,15400
615000,7,1,5817
615000,7,2,5849
615000,8,1,4573
615000,8,2,4956
615000,9,1,3036
615000,9,2,3553
615000,10,1,747
615000,10,2,1211
621000,1,1,4259
621000,1,2,3886
621000,2,1,4026
621000,2,2,3875
621000,3,1,1765
621000,3,2,1793
621000,4,1,4121
621000,4,2,3869
621000,5,1,2950
621000,5,2,2769
621000,6,1,15131
621000,6,2,15001
621000,7,1,6188
621000,7,2,6067
621000,8,1,4724
621000,8,2,4992
621000,9,1,3295
621000,9,2,3789
621000,10,1,740
621000,10,2,1288
630000,1,1,5736
630000,1,2,5431
630000,2,1,5177
630000,2,2,4812
630000,3,1,2323
630000,3,2,2240
630000,4,1,4969
630000,4,2,4718
630000,5,1,3642
630000,5,2,3496
630000,6,1,19791
630000,6,2,19277
630000,7,1,8031
630000,7,2,7857
630000,8,1,5799
630000,8,2,6233
630000,9,1,4087
630000,9,2,4726
630000,10,1,967
630000,10,2,1637
657000,1,1,3998
657000,1,2,3880
657000,2,1,3765
657000,2,2,3634
657000,3,1,1751
657000,3,2,1707
657000,4,1,3970
657000,4,2,3642
657000,5,1,2797
657000,5,2,2477
657000,6,1,14245
657000,6,2,13651
657000,7,1,6115
657000,7,2,5807
657000,8,1,4672
657000,8,2,4885
657000,9,1,3186
657000,9,2,3652
657000,10,1,779
657000,10,2,1339
661000,1,1,2777
661000,1,2,2561
661000,2,1,2498
661000,2,2,2335
661000,3,1,1207
661000,3,2,1119
661000,4,1,2489
661000,4,2,2447
661000,5,1,1722
661000,5,2,1623
661000,6,1,8886
661000,6,2,8761
661000,7,1,3853
661000,7,2,3941
661000,8,1,3255
661000,8,2,3416
661000,9,1,2189
661000,9,2,2453
661000,10,1,540
661000,10,2,906
665000,1,1,673
665000,1,2,705
665000,2,1,686
665000,2,2,644
665000,3,1,342
665000,3,2,342
665000,4,1,764
665000,4,2,599
665000,5,1,416
665000,5,2,370
665000,6,1,2652
665000,6,2,2561
665000,7,1,1643
665000,7,2,1557
665000,8,1,1440
665000,8,2,1342
665000,9,1,1001
665000,9,2,1021
665000,10,1,239
665000,10,2,374
671000,1,1,746
671000,1,2,694
671000,2,1,755
671000,2,2,727
671000,3,1,453
671000,3,2,418
671000,4,1,773
671000,4,2,690
671000,5,1,429
671000,5,2,427
671000,6,1,2929
671000,6,2,2868
671000,7,1,1592
671000,7,2,1531
671000,8,1,1471
671000,8,2,1505
671000,9,1,1030
671000,9,2,1121
671000,10,1,260
671000,10,2,375
706000,1,1,1910
706000,1,2,1818
706000,2,1,1713
706000,2,2,1680
706000,3,1,830
706000,3,2,758
706000,4,1,1424
706000,4,2,1206
706000,5,1,840
706000,5,2,771
706000,6,1,6412
706000,6,2,6586
706000,7,1,3271
706000,7,2,3355
706000,8,1,3014
706000,8,2,3063
706000,9,1,2158
706000,9,2,2222
706000,10,1,486
706000,10,2,690
707000,1,1,1325
707000,1,2,1232
707000,2,1,1270
707000,2,2,1199
707000,3,1,667
707000,3,2,695
707000,4,1,1535
707000,4,2,1102
707000,5,1,951
707000,5,2,831
707000,6,1,5352
707000,6,2,5115
707000,7,1,2963
707000,7,2,2927
707000,8,1,2654
707000,8,2,2588
707000,9,1,1641
707000,9,2,1841
707000,10,1,409
707000,10,2,681
710000,1,1,2546
710000,1,2,2387
710000,2,1,2382
710000,2,2,2281
710000,3,1,1098
710000,3,2,1100
710000,4,1,1715
710000,4,2,1426
710000,5,1,992
710000,5,2,969
710000,6,1,8373
710000,6,2,8305
710000,7,1,3171
710000,7,2,3043
710000,8,1,2409
710000,8,2,2528
710000,9,1,1786
710000,9,2,1875
710000,10,1,392
710000,10,2,630
727000,1,1,1011
727000,1,2,1051
727000,2,1,984
727000,2,2,919
727000,3,1,472
727000,3,2,446
727000,4,1,822
727000,4,2,706
727000,5,1,407
727000,5,2,396
727000,6,1,3498
727000,6,2,3580
727000,7,1,1684
727000,7,2,1830
727000,8,1,1504
727000,8,2,1560
727000,9,1,974
727000,9,2,1115
727000,10,1,261
727000,10,2,406
730000,1,1,4331
730000,1,2,4000
730000,2,1,3857
730000,2,2,3796
730000,3,1,1818
730000,3,2,1733
730000,4,1,4014
730000,4,2,3963
730000,5,1,3196
730000,5,2,3018
730000,6,1,16237
730000,6,2,15576
730000,7,1,6665
730000,7,2,6660
730000,8,1,5228
730000,8,2,5480
730000,9,1,3689
730000,9,2,4326
730000,10,1,868
730000,10,2,1476
740000,1,1,5091
740000,1,2,4763
740000,2,1,4052
740000,2,2,4020
740000,3,1,1979
740000,3,2,1926
740000,4,1,3806
740000,4,2,3428
740000,5,1,2604
740000,5,2,2625
740000,6,1,16026
740000,6,2,15967
740000,7,1,6524
740000,7,2,6549
740000,8,1,5219
740000,8,2,5558
740000,9,1,3419
740000,9,2,3793
740000,10,1,777
740000,10,2,1274
741000,1,1,123
741000,1,2,121
741000,2,1,119
741000,2,2,113
741000,3,1,56
741000,3,2,45
741000,4,1,74
741000,4,2,40
741000,5,1,47
741000,5,2,50
741000,6,1,468
741000,6,2,482
741000,7,1,359
741000,7,2,338
741000,8,1,338
741000,8,2,369
741000,9,1,220
741000,9,2,246
741000,10,1,60
741000,10,2,107
746000,1,1,3878
746000,1,2,3623
746000,2,1,3155
746000,2,2,2976
746000,3,1,1435
746000,3,2,1355
746000,4,1,2153
746000,4,2,1868
746000,5,1,1061
746000,5,2,1112
746000,6,1,10751
746000,6,2,11322
746000,7,1,4125
746000,7,2,4055
746000,8,1,3168
746000,8,2,3398
746000,9,1,2115
746000,9,2,2380
746000,10,1,492
746000,10,2,716
751000,1,1,15570
751000,1,2,14703
751000,2,1,12150
751000,2,2,11630
751000,3,1,5241
751000,3,2,5126
751000,4,1,25349
751000,4,2,28877
751000,5,1,23058
751000,5,2,22335
751000,6,1,53409
751000,6,2,52461
751000,7,1,17814
751000,7,2,18970
751000,8,1,14121
751000,8,2,15509
751000,9,1,8637
751000,9,2,10629
751000,10,1,2101
751000,10,2,3854
756000,1,1,1888
756000,1,2,1808
756000,2,1,1956
756000,2,2,1754
756000,3,1,861
756000,3,2,825
756000,4,1,1693
756000,4,2,1390
756000,5,1,1148
756000,5,2,1023
756000,6,1,7078
756000,6,2,6552
756000,7,1,2852
756000,7,2,2823
756000,8,1,2370
756000,8,2,2282
756000,9,1,1549
756000,9,2,1730
756000,10,1,356
756000,10,2,602
760000,1,1,2318
760000,1,2,2258
760000,2,1,2285
760000,2,2,2184
760000,3,1,1117
760000,3,2,1222
760000,4,1,2336
760000,4,2,1912
760000,5,1,1501
760000,5,2,1213
760000,6,1,8394
760000,6,2,8015
760000,7,1,4135
760000,7,2,4030
760000,8,1,3491
760000,8,2,3463
760000,9,1,2374
760000,9,2,2472
760000,10,1,607
760000,10,2,1021
766000,1,1,2126
766000,1,2,1925
766000,2,1,2142
766000,2,2,1847
766000,3,1,1029
766000,3,2,937
766000,4,1,1827
766000,4,2,1401
766000,5,1,1155
766000,5,2,1049
766000,6,1,7790
766000,6,2,7479
766000,7,1,3487
766000,7,2,3373
766000,8,1,2673
766000,8,2,2554
766000,9,1,1722
766000,9,2,1902
766000,10,1,443
766000,10,2,748
773000,1,1,751
773000,1,2,685
773000,2,1,755
773000,2,2,713
773000,3,1,404
773000,3,2,358
773000,4,1,707
773000,4,2,667
773000,5,1,513
773000,5,2,398
773000,6,1,2780
773000,6,2,2647
773000,7,1,1562
773000,7,2,1531
773000,8,1,1432
773000,8,2,1419
773000,9,1,953
773000,9,2,1012
773000,10,1,254
773000,10,2,386
779000,1,1,1669
779000,1,2,1506
779000,2,1,1720
779000,2,2,1714
779000,3,1,783
779000,3,2,869
779000,4,1,1808
779000,4,2,1498
779000,5,1,1191
779000,5,2,964
779000,6,1,6755
779000,6,2,6255
779000,7,1,3386
779000,7,2,3427
779000,8,1,3018
779000,8,2,2963
779000,9,1,2005
779000,9,2,2201
779000,10,1,544
779000,10,2,793
787000,1,1,1793
787000,1,2,1743
787000,2,1,1641
787000,2,2,1652
787000,3,1,836
787000,3,2,786
787000,4,1,1682
787000,4,2,1427
787000,5,1,1095
787000,5,2,965
787000,6,1,6324
787000,6,2,6041
787000,7,1,3221
787000,7,2,3242
787000,8,1,3040
787000,8,2,2849
787000,9,1,1845
787000,9,2,2042
787000,10,1,395
787000,10,2,764
791000,1,1,4153
791000,1,2,3936
791000,2,1,4335
791000,2,2,4034
791000,3,1,2049
791000,3,2,1959
791000,4,1,3947
791000,4,2,3513
791000,5,1,2684
791000,5,2,2554
791000,6,1,15132
791000,6,2,14982
791000,7,1,6741
791000,7,2,6659
791000,8,1,5453
791000,8,2,5530
791000,9,1,3586
791000,9,2,4061
791000,10,1,914
791000,10,2,1509
810000,1,1,1689
810000,1,2,1563
810000,2,1,1606
810000,2,2,1473
810000,3,1,734
810000,3,2,724
810000,4,1,1293
810000,4,2,1007
810000,5,1,844
810000,5,2,867
810000,6,1,5735
810000,6,2,5530
810000,7,1,2613
810000,7,2,2510
810000,8,1,2124
810000,8,2,2106
810000,9,1,1427
810000,9,2,1646
810000,10,1,430
810000,10,2,619
813000,1,1,2150
813000,1,2,1958
813000,2,1,2060
813000,2,2,1956
813000,3,1,1005
813000,3,2,982
813000,4,1,1971
813000,4,2,1559
813000,5,1,1392
813000,5,2,1167
813000,6,1,8477
813000,6,2,8119
813000,7,1,4821
813000,7,2,4702
813000,8,1,4047
813000,8,2,4244
813000,9,1,3029
813000,9,2,3335
813000,10,1,734
813000,10,2,1156
820000,1,1,1414
820000,1,2,1344
820000,2,1,1442
820000,2,2,1470
820000,3,1,707
820000,3,2,701
820000,4,1,1317
820000,4,2,1077
820000,5,1,914
820000,5,2,813
820000,6,1,5482
820000,6,2,5184
820000,7,1,2738
820000,7,2,2688
820000,8,1,2361
820000,8,2,2359
820000,9,1,1599
820000,9,2,1755
820000,10,1,428
820000,10,2,638
825000,1,1,43
825000,1,2,43
825000,2,1,42
825000,2,2,48
825000,3,1,25
825000,3,2,23
825000,4,1,30
825000,4,2,29
825000,5,1,32
825000,5,2,27
825000,6,1,194
825000,6,2,206
825000,7,1,160
825000,7,2,154
825000,8,1,185
825000,8,2,179
825000,9,1,142
825000,9,2,137
825000,10,1,40
825000,10,2,50
840000,1,1,1703
840000,1,2,1584
840000,2,1,1453
840000,2,2,1349
840000,3,1,630
840000,3,2,627
840000,4,1,956
840000,4,2,765
840000,5,1,651
840000,5,2,695
840000,6,1,5074
840000,6,2,4922
840000,7,1,2126
840000,7,2,2038
840000,8,1,1675
840000,8,2,1661
840000,9,1,1093
840000,9,2,1183
840000,10,1,284
840000,10,2,439
846000,1,1,1646
846000,1,2,1552
846000,2,1,1636
846000,2,2,1472
846000,3,1,805
846000,3,2,776
846000,4,1,1477
846000,4,2,1224
846000,5,1,1083
846000,5,2,946
846000,6,1,6351
846000,6,2,6071
846000,7,1,3295
846000,7,2,3196
846000,8,1,2800
846000,8,2,2694
846000,9,1,1786
846000,9,2,1903
846000,10,1,452
846000,10,2,694
849000,1,1,1631
849000,1,2,1487
849000,2,1,1570
849000,2,2,1463
849000,3,1,770
849000,3,2,691
849000,4,1,1275
849000,4,2,1079
849000,5,1,853
849000,5,2,816
849000,6,1,5647
849000,6,2,5572
849000,7,1,2858
849000,7,2,2846
849000,8,1,2515
849000,8,2,2610
849000,9,1,1804
849000,9,2,1891
849000,10,1,376
849000,10,2,610
851000,1,1,9095
851000,1,2,8876
851000,2,1,7752
851000,2,2,7374
851000,3,1,3544
851000,3,2,3360
851000,4,1,14310
851000,4,2,13889
851000,5,1,11953
851000,5,2,9964
851000,6,1,34013
851000,6,2,32083
851000,7,1,12709
851000,7,2,13005
851000,8,1,9945
851000,8,2,10847
851000,9,1,6936
851000,9,2,8382
851000,10,1,1735
851000,10,2,2799
860000,1,1,2589
860000,1,2,2310
860000,2,1,2481
860000,2,2,2301
860000,3,1,1252
860000,3,2,1093
860000,4,1,2344
860000,4,2,2160
860000,5,1,1662
860000,5,2,1549
860000,6,1,9281
860000,6,2,9118
860000,7,1,4831
860000,7,2,4903
860000,8,1,4151
860000,8,2,4268
860000,9,1,2743
860000,9,2,3025
860000,10,1,750
860000,10,2,1187
