ZoneID0,AgeID,FamID,Val
101000,1,1,9135
101000,1,2,47183
101000,2,1,11663
101000,2,2,27219
101000,3,1,5795
101000,3,2,9840
101000,4,1,53738
101000,4,2,23957
101000,5,1,54326
101000,5,2,37475
101000,6,1,105021
101000,6,2,138531
101000,7,1,30451
101000,7,2,30197
101000,8,1,20682
101000,8,2,18509
101000,9,1,14559
101000,9,2,9223
101000,10,1,5152
101000,10,2,1008
147000,1,1,1267
147000,1,2,7239
147000,2,1,1781
147000,2,2,4640
147000,3,1,961
147000,3,2,1792
147000,4,1,7635
147000,4,2,3473
147000,5,1,6165
147000,5,2,5050
147000,6,1,13214
147000,6,2,21647
147000,7,1,5401
147000,7,2,6123
147000,8,1,4221
147000,8,2,4443
147000,9,1,4185
147000,9,2,3147
147000,10,1,1770
147000,10,2,510
151000,1,1,716
151000,1,2,3946
151000,2,1,1018
151000,2,2,3050
151000,3,1,506
151000,3,2,1241
151000,4,1,1908
151000,4,2,2041
151000,5,1,1532
151000,5,2,1294
151000,6,1,5003
151000,6,2,10927
151000,7,1,2296
151000,7,2,4383
151000,8,1,1648
151000,8,2,2842
151000,9,1,1933
151000,9,2,2308
151000,10,1,987
151000,10,2,460
153000,1,1,623
153000,1,2,2850
153000,2,1,675
153000,2,2,2229
153000,3,1,342
153000,3,2,915
153000,4,1,1465
153000,4,2,1637
153000,5,1,1409
153000,5,2,1141
153000,6,1,4155
153000,6,2,8024
153000,7,1,1645
153000,7,2,3055
153000,8,1,1296
153000,8,2,2293
153000,9,1,1225
153000,9,2,1269
153000,10,1,656
153000,10,2,224
155000,1,1,108
155000,1,2,1291
155000,2,1,202
155000,2,2,1202
155000,3,1,109
155000,3,2,471
155000,4,1,231
155000,4,2,474
155000,5,1,151
155000,5,2,129
155000,6,1,877
155000,6,2,3622
155000,7,1,472
155000,7,2,1610
155000,8,1,504
155000,8,2,1232
155000,9,1,549
155000,9,2,908
155000,10,1,330
155000,10,2,137
157000,1,1,675
157000,1,2,5560
157000,2,1,1255
157000,2,2,5766
157000,3,1,798
157000,3,2,2492
157000,4,1,2294
157000,4,2,3067
157000,5,1,2028
157000,5,2,1155
157000,6,1,6593
157000,6,2,16511
157000,7,1,3494
157000,7,2,7182
157000,8,1,2836
157000,8,2,4832
157000,9,1,2963
157000,9,2,3276
157000,10,1,1525
157000,10,2,536
159000,1,1,967
159000,1,2,5786
159000,2,1,1361
159000,2,2,4852
159000,3,1,727
159000,3,2,1925
159000,4,1,2936
159000,4,2,2924
159000,5,1,2579
159000,5,2,1933
159000,6,1,7272
159000,6,2,16272
159000,7,1,3189
159000,7,2,5374
159000,8,1,2454
159000,8,2,3721
159000,9,1,2092
159000,9,2,2049
159000,10,1,1251
159000,10,2,337
161000,1,1,288
161000,1,2,1904
161000,2,1,360
161000,2,2,1365
161000,3,1,202
161000,3,2,549
161000,4,1,910
161000,4,2,965
161000,5,1,855
161000,5,2,797
161000,6,1,2769
161000,6,2,5291
161000,7,1,1157
161000,7,2,1884
161000,8,1,776
161000,8,2,1319
161000,9,1,810
161000,9,2,809
161000,10,1,467
161000,10,2,158
163000,1,1,399
163000,1,2,2262
163000,2,1,615
163000,2,2,2049
163000,3,1,318
163000,3,2,744
163000,4,1,1183
163000,4,2,1156
163000,5,1,894
163000,5,2,704
163000,6,1,2899
163000,6,2,6572
163000,7,1,1341
163000,7,2,2423
163000,8,1,1083
163000,8,2,1838
163000,9,1,932
163000,9,2,1013
163000,10,1,592
163000,10,2,198
165000,1,1,450
165000,1,2,1951
165000,2,1,586
165000,2,2,1825
165000,3,1,295
165000,3,2,779
165000,4,1,1356
165000,4,2,1360
165000,5,1,1103
165000,5,2,696
165000,6,1,2904
165000,6,2,5778
165000,7,1,1217
165000,7,2,2093
165000,8,1,922
165000,8,2,1541
165000,9,1,978
165000,9,2,1206
165000,10,1,324
165000,10,2,166
167000,1,1,794
167000,1,2,4423
167000,2,1,1053
167000,2,2,3681
167000,3,1,575
167000,3,2,1382
167000,4,1,2166
167000,4,2,2131
167000,5,1,1786
167000,5,2,1292
167000,6,1,5685
167000,6,2,12519
167000,7,1,2265
167000,7,2,4231
167000,8,1,1767
167000,8,2,3101
167000,9,1,1709
167000,9,2,1757
167000,10,1,849
167000,10,2,277
169000,1,1,767
169000,1,2,4533
169000,2,1,971
169000,2,2,3473
169000,3,1,552
169000,3,2,1436
169000,4,1,1956
169000,4,2,2448
169000,5,1,1958
169000,5,2,2079
169000,6,1,6310
169000,6,2,12994
169000,7,1,2165
169000,7,2,4238
169000,8,1,1593
169000,8,2,3046
169000,9,1,1658
169000,9,2,2148
169000,10,1,656
169000,10,2,277
173000,1,1,516
173000,1,2,4284
173000,2,1,930
173000,2,2,4120
173000,3,1,554
173000,3,2,1684
173000,4,1,3356
173000,4,2,2564
173000,5,1,2395
173000,5,2,1505
173000,6,1,5136
173000,6,2,12479
173000,7,1,2519
173000,7,2,4912
173000,8,1,2202
173000,8,2,3518
173000,9,1,2020
173000,9,2,2122
173000,10,1,1262
173000,10,2,356
175000,1,1,650
175000,1,2,3507
175000,2,1,846
175000,2,2,2727
175000,3,1,416
175000,3,2,1052
175000,4,1,1525
175000,4,2,1686
175000,5,1,1445
175000,5,2,1236
175000,6,1,4599
175000,6,2,9879
175000,7,1,2093
175000,7,2,3291
175000,8,1,1591
175000,8,2,2251
175000,9,1,1396
175000,9,2,1308
175000,10,1,813
175000,10,2,252
183000,1,1,379
183000,1,2,1840
183000,2,1,482
183000,2,2,1525
183000,3,1,216
183000,3,2,632
183000,4,1,985
183000,4,2,1113
183000,5,1,892
183000,5,2,698
183000,6,1,2688
183000,6,2,5345
183000,7,1,915
183000,7,2,1916
183000,8,1,716
183000,8,2,1283
183000,9,1,706
183000,9,2,823
183000,10,1,229
183000,10,2,74
185000,1,1,541
185000,1,2,3574
185000,2,1,834
185000,2,2,3043
185000,3,1,477
185000,3,2,1224
185000,4,1,1289
185000,4,2,1544
185000,5,1,1055
185000,5,2,792
185000,6,1,4254
185000,6,2,10367
185000,7,1,1975
185000,7,2,3788
185000,8,1,1532
185000,8,2,2782
185000,9,1,1436
185000,9,2,1614
185000,10,1,699
185000,10,2,222
187000,1,1,223
187000,1,2,1599
187000,2,1,317
187000,2,2,1337
187000,3,1,131
187000,3,2,497
187000,4,1,538
187000,4,2,674
187000,5,1,398
187000,5,2,485
187000,6,1,1417
187000,6,2,4458
187000,7,1,448
187000,7,2,1309
187000,8,1,420
187000,8,2,1036
187000,9,1,544
187000,9,2,894
187000,10,1,194
187000,10,2,112
190000,1,1,390
190000,1,2,3882
190000,2,1,692
190000,2,2,3333
190000,3,1,373
190000,3,2,1392
190000,4,1,886
190000,4,2,1627
190000,5,1,656
190000,5,2,565
190000,6,1,2917
190000,6,2,10457
190000,7,1,1516
190000,7,2,4162
190000,8,1,1253
190000,8,2,3037
190000,9,1,1485
190000,9,2,2172
190000,10,1,865
190000,10,2,417
201000,1,1,213
201000,1,2,2404
201000,2,1,354
201000,2,2,2128
201000,3,1,213
201000,3,2,939
201000,4,1,515
201000,4,2,1114
201000,5,1,345
201000,5,2,287
201000,6,1,1583
201000,6,2,6719
201000,7,1,850
201000,7,2,2799
201000,8,1,603
201000,8,2,1965
201000,9,1,857
201000,9,2,1503
201000,10,1,436
201000,10,2,234
210000,1,1,458
210000,1,2,3299
210000,2,1,753
210000,2,2,2825
210000,3,1,420
210000,3,2,1253
210000,4,1,942
210000,4,2,1589
210000,5,1,767
210000,5,2,703
210000,6,1,3312
210000,6,2,9437
210000,7,1,1761
210000,7,2,4239
210000,8,1,1672
210000,8,2,3438
210000,9,1,1604
210000,9,2,2268
210000,10,1,668
210000,10,2,281
217000,1,1,727
217000,1,2,4288
217000,2,1,1095
217000,2,2,3590
217000,3,1,612
217000,3,2,1761
217000,4,1,1845
217000,4,2,2492
217000,5,1,1348
217000,5,2,1250
217000,6,1,5789
217000,6,2,12665
217000,7,1,3328
217000,7,2,6505
217000,8,1,2877
217000,8,2,4946
217000,9,1,2958
217000,9,2,3550
217000,10,1,1247
217000,10,2,526
219000,1,1,584
219000,1,2,4211
219000,2,1,954
219000,2,2,3477
219000,3,1,581
219000,3,2,1612
219000,4,1,1950
219000,4,2,2596
219000,5,1,1499
219000,5,2,1494
219000,6,1,4911
219000,6,2,12345
219000,7,1,2355
219000,7,2,5226
219000,8,1,1643
219000,8,2,3435
219000,9,1,1773
219000,9,2,2337
219000,10,1,819
219000,10,2,357
223000,1,1,186
223000,1,2,1719
223000,2,1,405
223000,2,2,1651
223000,3,1,266
223000,3,2,802
223000,4,1,496
223000,4,2,945
223000,5,1,398
223000,5,2,279
223000,6,1,1682
223000,6,2,5210
223000,7,1,1000
223000,7,2,2568
223000,8,1,911
223000,8,2,2094
223000,9,1,1298
223000,9,2,1787
223000,10,1,700
223000,10,2,318
230000,1,1,454
230000,1,2,4898
230000,2,1,851
230000,2,2,4241
230000,3,1,559
230000,3,2,1978
230000,4,1,1716
230000,4,2,2344
230000,5,1,1101
230000,5,2,691
230000,6,1,3748
230000,6,2,13157
230000,7,1,2155
230000,7,2,5838
230000,8,1,1817
230000,8,2,4129
230000,9,1,2277
230000,9,2,3123
230000,10,1,1480
230000,10,2,636
240000,1,1,393
240000,1,2,4238
240000,2,1,670
240000,2,2,3314
240000,3,1,394
240000,3,2,1562
240000,4,1,926
240000,4,2,2022
240000,5,1,696
240000,5,2,975
240000,6,1,3163
240000,6,2,12236
240000,7,1,1418
240000,7,2,4711
240000,8,1,1071
240000,8,2,2937
240000,9,1,1366
240000,9,2,2310
240000,10,1,525
240000,10,2,275
250000,1,1,549
250000,1,2,2917
250000,2,1,823
250000,2,2,2653
250000,3,1,481
250000,3,2,1329
250000,4,1,1158
250000,4,2,1896
250000,5,1,923
250000,5,2,947
250000,6,1,4068
250000,6,2,9621
250000,7,1,2194
250000,7,2,5081
250000,8,1,1718
250000,8,2,3944
250000,9,1,1975
250000,9,2,2723
250000,10,1,797
250000,10,2,320
253000,1,1,638
253000,1,2,4194
253000,2,1,914
253000,2,2,3531
253000,3,1,486
253000,3,2,1515
253000,4,1,1311
253000,4,2,2123
253000,5,1,1043
253000,5,2,1050
253000,6,1,4133
253000,6,2,12519
253000,7,1,1855
253000,7,2,5182
253000,8,1,1510
253000,8,2,3698
253000,9,1,1874
253000,9,2,2888
253000,10,1,676
253000,10,2,367
259000,1,1,744
259000,1,2,4705
259000,2,1,1108
259000,2,2,3625
259000,3,1,669
259000,3,2,1783
259000,4,1,1987
259000,4,2,2742
259000,5,1,1630
259000,5,2,1769
259000,6,1,6106
259000,6,2,14132
259000,7,1,2724
259000,7,2,5965
259000,8,1,1987
259000,8,2,4148
259000,9,1,2221
259000,9,2,3137
259000,10,1,875
259000,10,2,401
260000,1,1,325
260000,1,2,1815
260000,2,1,526
260000,2,2,1693
260000,3,1,293
260000,3,2,765
260000,4,1,835
260000,4,2,1113
260000,5,1,659
260000,5,2,604
260000,6,1,2918
260000,6,2,6105
260000,7,1,1708
260000,7,2,3311
260000,8,1,1503
260000,8,2,3048
260000,9,1,1459
260000,9,2,1972
260000,10,1,570
260000,10,2,244
265000,1,1,800
265000,1,2,6724
265000,2,1,1444
265000,2,2,5983
265000,3,1,928
265000,3,2,2732
265000,4,1,3774
265000,4,2,4250
265000,5,1,2639
265000,5,2,2323
265000,6,1,7868
265000,6,2,20325
265000,7,1,3767
265000,7,2,8660
265000,8,1,2923
265000,8,2,6087
265000,9,1,3071
265000,9,2,4066
265000,10,1,1473
265000,10,2,609
269000,1,1,243
269000,1,2,2296
269000,2,1,409
269000,2,2,1766
269000,3,1,256
269000,3,2,737
269000,4,1,544
269000,4,2,1028
269000,5,1,418
269000,5,2,555
269000,6,1,1768
269000,6,2,6232
269000,7,1,769
269000,7,2,2345
269000,8,1,575
269000,8,2,1789
269000,9,1,773
269000,9,2,1275
269000,10,1,308
269000,10,2,130
270000,1,1,399
270000,1,2,2400
270000,2,1,610
270000,2,2,2325
270000,3,1,396
270000,3,2,1184
270000,4,1,956
270000,4,2,1509
270000,5,1,776
270000,5,2,692
270000,6,1,3371
270000,6,2,8195
270000,7,1,2131
270000,7,2,4802
270000,8,1,1848
270000,8,2,4125
270000,9,1,1870
270000,9,2,2834
270000,10,1,784
270000,10,2,340
306000,1,1,362
306000,1,2,1514
306000,2,1,537
306000,2,2,1578
306000,3,1,288
306000,3,2,757
306000,4,1,840
306000,4,2,1042
306000,5,1,712
306000,5,2,540
306000,6,1,3135
306000,6,2,5467
306000,7,1,1906
306000,7,2,3543
306000,8,1,1835
306000,8,2,3768
306000,9,1,1761
306000,9,2,2366
306000,10,1,722
306000,10,2,304
316000,1,1,910
316000,1,2,5111
316000,2,1,1373
316000,2,2,4519
316000,3,1,738
316000,3,2,2159
316000,4,1,2282
316000,4,2,3030
316000,5,1,1826
316000,5,2,1817
316000,6,1,6997
316000,6,2,15818
316000,7,1,3385
316000,7,2,7333
316000,8,1,2734
316000,8,2,5895
316000,9,1,2481
316000,9,2,3464
316000,10,1,1154
316000,10,2,414
320000,1,1,406
320000,1,2,2428
320000,2,1,659
320000,2,2,2050
320000,3,1,369
320000,3,2,1057
320000,4,1,989
320000,4,2,1420
320000,5,1,897
320000,5,2,850
320000,6,1,3707
320000,6,2,7989
320000,7,1,1736
320000,7,2,4057
320000,8,1,1491
320000,8,2,3151
320000,9,1,1300
320000,9,2,1905
320000,10,1,621
320000,10,2,262
326000,1,1,609
326000,1,2,2836
326000,2,1,910
326000,2,2,2658
326000,3,1,540
326000,3,2,1276
326000,4,1,1448
326000,4,2,1852
326000,5,1,1107
326000,5,2,1156
326000,6,1,4844
326000,6,2,9397
326000,7,1,2533
326000,7,2,5034
326000,8,1,2209
326000,8,2,4312
326000,9,1,1939
326000,9,2,2703
326000,10,1,868
326000,10,2,371
329000,1,1,431
329000,1,2,2620
329000,2,1,602
329000,2,2,2192
329000,3,1,348
329000,3,2,1013
329000,4,1,1134
329000,4,2,1568
329000,5,1,1008
329000,5,2,1064
329000,6,1,3883
329000,6,2,8317
329000,7,1,1534
329000,7,2,3421
329000,8,1,1145
329000,8,2,2387
329000,9,1,1033
329000,9,2,1467
329000,10,1,514
329000,10,2,225
330000,1,1,1138
330000,1,2,5110
330000,2,1,1406
330000,2,2,4227
330000,3,1,832
330000,3,2,1983
330000,4,1,2995
330000,4,2,3542
330000,5,1,2500
330000,5,2,2554
330000,6,1,8371
330000,6,2,15623
330000,7,1,3882
330000,7,2,7466
330000,8,1,3256
330000,8,2,6066
330000,9,1,2984
330000,9,2,3875
330000,10,1,1430
330000,10,2,488
336000,1,1,252
336000,1,2,1547
336000,2,1,350
336000,2,2,1437
336000,3,1,206
336000,3,2,643
336000,4,1,547
336000,4,2,823
336000,5,1,389
336000,5,2,488
336000,6,1,1978
336000,6,2,5126
336000,7,1,1152
336000,7,2,2649
336000,8,1,879
336000,8,2,2277
336000,9,1,912
336000,9,2,1439
336000,10,1,405
336000,10,2,193
340000,1,1,354
340000,1,2,2184
340000,2,1,571
340000,2,2,1865
340000,3,1,345
340000,3,2,896
340000,4,1,756
340000,4,2,1166
340000,5,1,640
340000,5,2,688
340000,6,1,2793
340000,6,2,6739
340000,7,1,1423
340000,7,2,3257
340000,8,1,1161
340000,8,2,2392
340000,9,1,1108
340000,9,2,1377
340000,10,1,504
340000,10,2,225
350000,1,1,238
350000,1,2,2458
350000,2,1,478
350000,2,2,2013
350000,3,1,261
350000,3,2,922
350000,4,1,615
350000,4,2,1138
350000,5,1,417
350000,5,2,510
350000,6,1,2141
350000,6,2,7029
350000,7,1,1014
350000,7,2,3165
350000,8,1,906
350000,8,2,2493
350000,9,1,947
350000,9,2,1581
350000,10,1,426
350000,10,2,178
360000,1,1,464
360000,1,2,1907
360000,2,1,679
360000,2,2,1923
360000,3,1,387
360000,3,2,843
360000,4,1,1100
360000,4,2,1221
360000,5,1,824
360000,5,2,720
360000,6,1,4177
360000,6,2,6680
360000,7,1,2489
360000,7,2,4177
360000,8,1,2391
360000,8,2,4075
360000,9,1,2134
360000,9,2,2408
360000,10,1,966
360000,10,2,356
370000,1,1,1033
370000,1,2,5472
370000,2,1,1619
370000,2,2,4811
370000,3,1,867
370000,3,2,2290
370000,4,1,3100
370000,4,2,3462
370000,5,1,2332
370000,5,2,2363
370000,6,1,8674
370000,6,2,17328
370000,7,1,3949
370000,7,2,8084
370000,8,1,3348
370000,8,2,6758
370000,9,1,3168
370000,9,2,3972
370000,10,1,1429
370000,10,2,515
376000,1,1,772
376000,1,2,3395
376000,2,1,1046
376000,2,2,2932
376000,3,1,539
376000,3,2,1418
376000,4,1,1825
376000,4,2,2134
376000,5,1,1496
376000,5,2,1434
376000,6,1,6137
376000,6,2,10940
376000,7,1,3369
376000,7,2,6003
376000,8,1,3040
376000,8,2,5517
376000,9,1,2831
376000,9,2,3556
376000,10,1,1324
376000,10,2,523
390000,1,1,496
390000,1,2,2369
390000,2,1,762
390000,2,2,2317
390000,3,1,477
390000,3,2,1105
390000,4,1,1411
390000,4,2,1568
390000,5,1,993
390000,5,2,941
390000,6,1,4556
390000,6,2,8023
390000,7,1,2571
390000,7,2,4821
390000,8,1,2403
390000,8,2,4379
390000,9,1,2195
390000,9,2,2747
390000,10,1,968
390000,10,2,339
400000,1,1,421
400000,1,2,2248
400000,2,1,649
400000,2,2,2050
400000,3,1,379
400000,3,2,856
400000,4,1,918
400000,4,2,1168
400000,5,1,797
400000,5,2,794
400000,6,1,3662
400000,6,2,6990
400000,7,1,2233
400000,7,2,4374
400000,8,1,2235
400000,8,2,4103
400000,9,1,1919
400000,9,2,2587
400000,10,1,951
400000,10,2,361
410000,1,1,406
410000,1,2,2801
410000,2,1,661
410000,2,2,2471
410000,3,1,388
410000,3,2,1194
410000,4,1,881
410000,4,2,1619
410000,5,1,707
410000,5,2,1061
410000,6,1,3262
410000,6,2,8874
410000,7,1,1619
410000,7,2,4396
410000,8,1,1386
410000,8,2,3540
410000,9,1,1383
410000,9,2,2303
410000,10,1,696
410000,10,2,313
420000,1,1,379
420000,1,2,2776
420000,2,1,654
420000,2,2,2560
420000,3,1,381
420000,3,2,1183
420000,4,1,942
420000,4,2,1636
420000,5,1,734
420000,5,2,975
420000,6,1,3381
420000,6,2,9071
420000,7,1,1745
420000,7,2,4519
420000,8,1,1501
420000,8,2,3698
420000,9,1,1468
420000,9,2,2219
420000,10,1,811
420000,10,2,311
430000,1,1,497
430000,1,2,3579
430000,2,1,849
430000,2,2,3360
430000,3,1,456
430000,3,2,1527
430000,4,1,1191
430000,4,2,1916
430000,5,1,953
430000,5,2,1294
430000,6,1,4341
430000,6,2,11413
430000,7,1,2131
430000,7,2,5641
430000,8,1,1865
430000,8,2,4743
430000,9,1,1911
430000,9,2,3028
430000,10,1,1123
430000,10,2,435
440000,1,1,263
440000,1,2,1575
440000,2,1,382
440000,2,2,1426
440000,3,1,199
440000,3,2,646
440000,4,1,536
440000,4,2,861
440000,5,1,437
440000,5,2,564
440000,6,1,1886
440000,6,2,5153
440000,7,1,1080
440000,7,2,2639
440000,8,1,899
440000,8,2,2210
440000,9,1,1001
440000,9,2,1480
440000,10,1,507
440000,10,2,247
450000,1,1,379
450000,1,2,1996
450000,2,1,570
450000,2,2,1842
450000,3,1,322
450000,3,2,971
450000,4,1,905
450000,4,2,1329
450000,5,1,603
450000,5,2,771
450000,6,1,2897
450000,6,2,6602
450000,7,1,1444
450000,7,2,3434
450000,8,1,1388
450000,8,2,2814
450000,9,1,1242
450000,9,2,1816
450000,10,1,683
450000,10,2,254
461000,1,1,2683
461000,1,2,14198
461000,2,1,3628
461000,2,2,10705
461000,3,1,1883
461000,3,2,4710
461000,4,1,14942
461000,4,2,11231
461000,5,1,10778
461000,5,2,10410
461000,6,1,21966
461000,6,2,40029
461000,7,1,8691
461000,7,2,14985
461000,8,1,6975
461000,8,2,11884
461000,9,1,6140
461000,9,2,7578
461000,10,1,3118
461000,10,2,1228
479000,1,1,690
479000,1,2,4169
479000,2,1,1050
479000,2,2,3534
479000,3,1,633
479000,3,2,1582
479000,4,1,2121
479000,4,2,2266
479000,5,1,1565
479000,5,2,1259
479000,6,1,5446
479000,6,2,11974
479000,7,1,2796
479000,7,2,5679
479000,8,1,2668
479000,8,2,5328
479000,9,1,2251
479000,9,2,3063
479000,10,1,1153
479000,10,2,508
480000,1,1,281
480000,1,2,1945
480000,2,1,462
480000,2,2,1866
480000,3,1,279
480000,3,2,887
480000,4,1,608
480000,4,2,1148
480000,5,1,567
480000,5,2,685
480000,6,1,2566
480000,6,2,6624
480000,7,1,1260
480000,7,2,3295
480000,8,1,1026
480000,8,2,2769
480000,9,1,1040
480000,9,2,1677
480000,10,1,505
480000,10,2,236
482000,1,1,100
482000,1,2,491
482000,2,1,178
482000,2,2,543
482000,3,1,88
482000,3,2,240
482000,4,1,218
482000,4,2,368
482000,5,1,193
482000,5,2,217
482000,6,1,1118
482000,6,2,1974
482000,7,1,738
482000,7,2,1365
482000,8,1,832
482000,8,2,1562
482000,9,1,674
482000,9,2,912
482000,10,1,420
482000,10,2,153
492000,1,1,36
492000,1,2,258
492000,2,1,80
492000,2,2,287
492000,3,1,32
492000,3,2,136
492000,4,1,175
492000,4,2,115
492000,5,1,129
492000,5,2,59
492000,6,1,481
492000,6,2,885
492000,7,1,383
492000,7,2,715
492000,8,1,369
492000,8,2,732
492000,9,1,408
492000,9,2,451
492000,10,1,200
492000,10,2,77
510000,1,1,572
510000,1,2,3583
510000,2,1,874
510000,2,2,3428
510000,3,1,495
510000,3,2,1597
510000,4,1,1691
510000,4,2,2309
510000,5,1,1340
510000,5,2,1446
510000,6,1,4989
510000,6,2,11407
510000,7,1,2434
510000,7,2,5847
510000,8,1,2144
510000,8,2,4703
510000,9,1,1963
510000,9,2,2963
510000,10,1,1110
510000,10,2,458
530000,1,1,250
530000,1,2,2033
530000,2,1,396
530000,2,2,1846
530000,3,1,227
530000,3,2,826
530000,4,1,768
530000,4,2,1113
530000,5,1,623
530000,5,2,726
530000,6,1,2345
530000,6,2,6213
530000,7,1,1005
530000,7,2,2758
530000,8,1,853
530000,8,2,2162
530000,9,1,846
530000,9,2,1323
530000,10,1,513
530000,10,2,195
540000,1,1,863
540000,1,2,4538
540000,2,1,1261
540000,2,2,4428
540000,3,1,675
540000,3,2,2032
540000,4,1,2585
540000,4,2,2982
540000,5,1,1819
540000,5,2,1690
540000,6,1,6596
540000,6,2,15035
540000,7,1,3185
540000,7,2,7864
540000,8,1,2677
540000,8,2,6324
540000,9,1,2906
540000,9,2,4516
540000,10,1,1657
540000,10,2,747
550000,1,1,336
550000,1,2,2433
550000,2,1,579
550000,2,2,2228
550000,3,1,284
550000,3,2,1012
550000,4,1,1007
550000,4,2,1429
550000,5,1,775
550000,5,2,904
550000,6,1,3018
550000,6,2,7054
550000,7,1,1677
550000,7,2,4266
550000,8,1,1546
550000,8,2,3765
550000,9,1,1358
550000,9,2,2090
550000,10,1,802
550000,10,2,315
561000,1,1,1400
561000,1,2,8300
561000,2,1,1892
561000,2,2,7018
561000,3,1,990
561000,3,2,2968
561000,4,1,4480
561000,4,2,5132
561000,5,1,3481
561000,5,2,3835
561000,6,1,10792
561000,6,2,24040
561000,7,1,4812
561000,7,2,11146
561000,8,1,4215
561000,8,2,9220
561000,9,1,3895
561000,9,2,5446
561000,10,1,1882
561000,10,2,814
563000,1,1,22
563000,1,2,196
563000,2,1,56
563000,2,2,185
563000,3,1,29
563000,3,2,92
563000,4,1,50
563000,4,2,96
563000,5,1,34
563000,5,2,29
563000,6,1,228
563000,6,2,596
563000,7,1,166
563000,7,2,359
563000,8,1,228
563000,8,2,462
563000,9,1,210
563000,9,2,269
563000,10,1,94
563000,10,2,25
573000,1,1,480
573000,1,2,3675
573000,2,1,712
573000,2,2,3326
573000,3,1,390
573000,3,2,1445
573000,4,1,1250
573000,4,2,2152
573000,5,1,1057
573000,5,2,1400
573000,6,1,3957
573000,6,2,10840
573000,7,1,1872
573000,7,2,5469
573000,8,1,1639
573000,8,2,4612
573000,9,1,1579
573000,9,2,2658
573000,10,1,1062
573000,10,2,420
575000,1,1,440
575000,1,2,3267
575000,2,1,674
575000,2,2,2943
575000,3,1,339
575000,3,2,1285
575000,4,1,1127
575000,4,2,1910
575000,5,1,909
575000,5,2,1229
575000,6,1,3728
575000,6,2,9745
575000,7,1,1583
575000,7,2,4339
575000,8,1,1272
575000,8,2,3431
575000,9,1,1374
575000,9,2,2123
575000,10,1,863
575000,10,2,343
580000,1,1,695
580000,1,2,3911
580000,2,1,1032
580000,2,2,3537
580000,3,1,526
580000,3,2,1715
580000,4,1,1661
580000,4,2,2517
580000,5,1,1253
580000,5,2,1399
580000,6,1,5127
580000,6,2,12174
580000,7,1,2499
580000,7,2,6300
580000,8,1,2272
580000,8,2,5352
580000,9,1,2143
580000,9,2,3248
580000,10,1,1161
580000,10,2,480
607000,1,1,720
607000,1,2,3390
607000,2,1,1053
607000,2,2,3000
607000,3,1,482
607000,3,2,1376
607000,4,1,1720
607000,4,2,2232
607000,5,1,1468
607000,5,2,1465
607000,6,1,5611
607000,6,2,10924
607000,7,1,2327
607000,7,2,5084
607000,8,1,1813
607000,8,2,3821
607000,9,1,1773
607000,9,2,2682
607000,10,1,861
607000,10,2,371
615000,1,1,1056
615000,1,2,7932
615000,2,1,1624
615000,2,2,6273
615000,3,1,885
615000,3,2,2555
615000,4,1,4253
615000,4,2,4310
615000,5,1,2899
615000,5,2,3378
615000,6,1,9333
615000,6,2,22240
615000,7,1,3711
615000,7,2,7955
615000,8,1,3058
615000,8,2,6471
615000,9,1,2699
615000,9,2,3890
615000,10,1,1370
615000,10,2,588
621000,1,1,1161
621000,1,2,6984
621000,2,1,1761
621000,2,2,6140
621000,3,1,886
621000,3,2,2672
621000,4,1,3613
621000,4,2,4377
621000,5,1,2770
621000,5,2,2949
621000,6,1,8985
621000,6,2,21147
621000,7,1,3605
621000,7,2,8650
621000,8,1,2955
621000,8,2,6761
621000,9,1,2833
621000,9,2,4251
621000,10,1,1423
621000,10,2,605
630000,1,1,1329
630000,1,2,9838
630000,2,1,1992
630000,2,2,7997
630000,3,1,1043
630000,3,2,3520
630000,4,1,4027
630000,4,2,5660
630000,5,1,3178
630000,5,2,3960
630000,6,1,11005
630000,6,2,28063
630000,7,1,4645
630000,7,2,11243
630000,8,1,3646
630000,8,2,8386
630000,9,1,3537
630000,9,2,5276
630000,10,1,1843
630000,10,2,761
657000,1,1,925
657000,1,2,6953
657000,2,1,1296
657000,2,2,6103
657000,3,1,715
657000,3,2,2743
657000,4,1,3352
657000,4,2,4260
657000,5,1,2452
657000,5,2,2822
657000,6,1,7700
657000,6,2,20196
657000,7,1,3220
657000,7,2,8702
657000,8,1,2731
657000,8,2,6826
657000,9,1,2704
657000,9,2,4134
657000,10,1,1527
657000,10,2,591
661000,1,1,668
661000,1,2,4670
661000,2,1,904
661000,2,2,3929
661000,3,1,515
661000,3,2,1811
661000,4,1,2151
661000,4,2,2785
661000,5,1,1491
661000,5,2,1854
661000,6,1,4914
661000,6,2,12733
661000,7,1,2159
661000,7,2,5635
661000,8,1,1919
661000,8,2,4752
661000,9,1,1825
661000,9,2,2817
661000,10,1,1038
661000,10,2,408
665000,1,1,155
665000,1,2,1223
665000,2,1,227
665000,2,2,1103
665000,3,1,113
665000,3,2,571
665000,4,1,451
665000,4,2,912
665000,5,1,362
665000,5,2,424
665000,6,1,1394
665000,6,2,3819
665000,7,1,812
665000,7,2,2388
665000,8,1,741
665000,8,2,2041
665000,9,1,773
665000,9,2,1249
665000,10,1,452
665000,10,2,161
671000,1,1,212
671000,1,2,1228
671000,2,1,269
671000,2,2,1213
671000,3,1,168
671000,3,2,703
671000,4,1,579
671000,4,2,884
671000,5,1,387
671000,5,2,469
671000,6,1,1722
671000,6,2,4075
671000,7,1,852
671000,7,2,2271
671000,8,1,816
671000,8,2,2160
671000,9,1,817
671000,9,2,1334
671000,10,1,442
671000,10,2,193
706000,1,1,382
706000,1,2,3346
706000,2,1,656
706000,2,2,2737
706000,3,1,370
706000,3,2,1218
706000,4,1,1047
706000,4,2,1583
706000,5,1,742
706000,5,2,869
706000,6,1,3329
706000,6,2,9669
706000,7,1,1908
706000,7,2,4718
706000,8,1,1843
706000,8,2,4234
706000,9,1,1695
706000,9,2,2685
706000,10,1,789
706000,10,2,387
707000,1,1,410
707000,1,2,2147
707000,2,1,567
707000,2,2,1902
707000,3,1,308
707000,3,2,1054
707000,4,1,1330
707000,4,2,1307
707000,5,1,845
707000,5,2,937
707000,6,1,3544
707000,6,2,6923
707000,7,1,1864
707000,7,2,4026
707000,8,1,1702
707000,8,2,3540
707000,9,1,1491
707000,9,2,1991
707000,10,1,776
707000,10,2,314
710000,1,1,352
710000,1,2,4581
710000,2,1,714
710000,2,2,3949
710000,3,1,406
710000,3,2,1792
710000,4,1,979
710000,4,2,2162
710000,5,1,771
710000,5,2,1190
710000,6,1,3461
710000,6,2,13217
710000,7,1,1546
710000,7,2,4668
710000,8,1,1276
710000,8,2,3661
710000,9,1,1415
710000,9,2,2246
710000,10,1,718
710000,10,2,304
727000,1,1,202
727000,1,2,1860
727000,2,1,405
727000,2,2,1498
727000,3,1,228
727000,3,2,690
727000,4,1,551
727000,4,2,977
727000,5,1,392
727000,5,2,411
727000,6,1,1722
727000,6,2,5356
727000,7,1,918
727000,7,2,2596
727000,8,1,842
727000,8,2,2222
727000,9,1,795
727000,9,2,1294
727000,10,1,460
727000,10,2,207
730000,1,1,1253
730000,1,2,7078
730000,2,1,1829
730000,2,2,5824
730000,3,1,922
730000,3,2,2629
730000,4,1,3623
730000,4,2,4354
730000,5,1,2948
730000,5,2,3266
730000,6,1,10404
730000,6,2,21409
730000,7,1,4366
730000,7,2,8959
730000,8,1,3623
730000,8,2,7085
730000,9,1,3449
730000,9,2,4566
730000,10,1,1679
730000,10,2,665
740000,1,1,909
740000,1,2,8945
740000,2,1,1510
740000,2,2,6562
740000,3,1,880
740000,3,2,3025
740000,4,1,2784
740000,4,2,4450
740000,5,1,2081
740000,5,2,3148
740000,6,1,8064
740000,6,2,23929
740000,7,1,3765
740000,7,2,9308
740000,8,1,3239
740000,8,2,7538
740000,9,1,2894
740000,9,2,4318
740000,10,1,1464
740000,10,2,587
741000,1,1,31
741000,1,2,213
741000,2,1,48
741000,2,2,184
741000,3,1,19
741000,3,2,82
741000,4,1,53
741000,4,2,61
741000,5,1,55
741000,5,2,42
741000,6,1,310
741000,6,2,640
741000,7,1,241
741000,7,2,456
741000,8,1,257
741000,8,2,450
741000,9,1,224
741000,9,2,242
741000,10,1,118
741000,10,2,49
746000,1,1,566
746000,1,2,6935
746000,2,1,1023
746000,2,2,5108
746000,3,1,564
746000,3,2,2226
746000,4,1,1288
746000,4,2,2733
746000,5,1,874
746000,5,2,1299
746000,6,1,4331
746000,6,2,17742
746000,7,1,2004
746000,7,2,6176
746000,8,1,1733
746000,8,2,4833
746000,9,1,1613
746000,9,2,2882
746000,10,1,803
746000,10,2,405
751000,1,1,4114
751000,1,2,26159
751000,2,1,5581
751000,2,2,18199
751000,3,1,3059
751000,3,2,7308
751000,4,1,34549
751000,4,2,19677
751000,5,1,23859
751000,5,2,21534
751000,6,1,36688
751000,6,2,69182
751000,7,1,13376
751000,7,2,23408
751000,8,1,11092
751000,8,2,18538
751000,9,1,8789
751000,9,2,10477
751000,10,1,4314
751000,10,2,1641
756000,1,1,432
756000,1,2,3264
756000,2,1,688
756000,2,2,3022
756000,3,1,323
756000,3,2,1363
756000,4,1,1231
756000,4,2,1852
756000,5,1,919
756000,5,2,1252
756000,6,1,3830
756000,6,2,9800
756000,7,1,1572
756000,7,2,4103
756000,8,1,1253
756000,8,2,3399
756000,9,1,1293
756000,9,2,1986
756000,10,1,666
756000,10,2,292
760000,1,1,421
760000,1,2,4155
760000,2,1,689
760000,2,2,3780
760000,3,1,416
760000,3,2,1923
760000,4,1,1586
760000,4,2,2662
760000,5,1,1198
760000,5,2,1516
760000,6,1,4160
760000,6,2,12249
760000,7,1,2106
760000,7,2,6059
760000,8,1,1850
760000,8,2,5104
760000,9,1,1906
760000,9,2,2940
760000,10,1,1155
760000,10,2,473
766000,1,1,431
766000,1,2,3620
766000,2,1,741
766000,2,2,3248
766000,3,1,400
766000,3,2,1566
766000,4,1,1072
766000,4,2,2156
766000,5,1,900
766000,5,2,1304
766000,6,1,3801
766000,6,2,11468
766000,7,1,1624
766000,7,2,5236
766000,8,1,1315
766000,8,2,3912
766000,9,1,1372
766000,9,2,2252
766000,10,1,816
766000,10,2,375
773000,1,1,183
773000,1,2,1253
773000,2,1,256
773000,2,2,1212
773000,3,1,185
773000,3,2,577
773000,4,1,553
773000,4,2,821
773000,5,1,390
773000,5,2,521
773000,6,1,1616
773000,6,2,3811
773000,7,1,936
773000,7,2,2157
773000,8,1,809
773000,8,2,2042
773000,9,1,812
773000,9,2,1153
773000,10,1,442
773000,10,2,198
779000,1,1,413
779000,1,2,2762
779000,2,1,701
779000,2,2,2733
779000,3,1,366
779000,3,2,1286
779000,4,1,1279
779000,4,2,2027
779000,5,1,993
779000,5,2,1162
779000,6,1,3916
779000,6,2,9094
779000,7,1,1870
779000,7,2,4943
779000,8,1,1725
779000,8,2,4256
779000,9,1,1678
779000,9,2,2528
779000,10,1,916
779000,10,2,421
787000,1,1,421
787000,1,2,3115
787000,2,1,629
787000,2,2,2664
787000,3,1,311
787000,3,2,1311
787000,4,1,1223
787000,4,2,1886
787000,5,1,808
787000,5,2,1252
787000,6,1,3506
787000,6,2,8859
787000,7,1,1725
787000,7,2,4738
787000,8,1,1694
787000,8,2,4195
787000,9,1,1639
787000,9,2,2248
787000,10,1,874
787000,10,2,285
791000,1,1,1089
791000,1,2,7000
791000,2,1,1708
791000,2,2,6661
791000,3,1,939
791000,3,2,3069
791000,4,1,3168
791000,4,2,4292
791000,5,1,2407
791000,5,2,2831
791000,6,1,8764
791000,6,2,21350
791000,7,1,3837
791000,7,2,9563
791000,8,1,3269
791000,8,2,7714
791000,9,1,3025
791000,9,2,4622
791000,10,1,1723
791000,10,2,700
810000,1,1,390
810000,1,2,2862
810000,2,1,552
810000,2,2,2527
810000,3,1,284
810000,3,2,1174
810000,4,1,872
810000,4,2,1428
810000,5,1,660
810000,5,2,1051
810000,6,1,2877
810000,6,2,8388
810000,7,1,1415
810000,7,2,3708
810000,8,1,1193
810000,8,2,3037
810000,9,1,1248
810000,9,2,1825
810000,10,1,746
810000,10,2,303
813000,1,1,582
813000,1,2,3526
813000,2,1,841
813000,2,2,3175
813000,3,1,483
813000,3,2,1504
813000,4,1,1465
813000,4,2,2065
813000,5,1,1168
813000,5,2,1391
813000,6,1,5166
813000,6,2,11430
813000,7,1,2773
813000,7,2,6750
813000,8,1,2479
813000,8,2,5812
813000,9,1,2687
813000,9,2,3677
813000,10,1,1350
813000,10,2,540
820000,1,1,359
820000,1,2,2399
820000,2,1,598
820000,2,2,2314
820000,3,1,306
820000,3,2,1102
820000,4,1,940
820000,4,2,1454
820000,5,1,742
820000,5,2,985
820000,6,1,3157
820000,6,2,7509
820000,7,1,1595
820000,7,2,3831
820000,8,1,1385
820000,8,2,3335
820000,9,1,1312
820000,9,2,2042
820000,10,1,772
820000,10,2,294
825000,1,1,6
825000,1,2,80
825000,2,1,16
825000,2,2,74
825000,3,1,17
825000,3,2,31
825000,4,1,20
825000,4,2,39
825000,5,1,30
825000,5,2,29
825000,6,1,130
825000,6,2,270
825000,7,1,122
825000,7,2,192
825000,8,1,143
825000,8,2,221
825000,9,1,141
825000,9,2,138
825000,10,1,65
825000,10,2,25
840000,1,1,282
840000,1,2,3005
840000,2,1,457
840000,2,2,2345
840000,3,1,223
840000,3,2,1034
840000,4,1,507
840000,4,2,1214
840000,5,1,434
840000,5,2,912
840000,6,1,2072
840000,6,2,7924
840000,7,1,979
840000,7,2,3185
840000,8,1,800
840000,8,2,2536
840000,9,1,892
840000,9,2,1384
840000,10,1,530
840000,10,2,193
846000,1,1,413
846000,1,2,2785
846000,2,1,630
846000,2,2,2478
846000,3,1,348
846000,3,2,1233
846000,4,1,1051
846000,4,2,1650
846000,5,1,846
846000,5,2,1183
846000,6,1,3736
846000,6,2,8686
846000,7,1,1748
846000,7,2,4743
846000,8,1,1600
846000,8,2,3894
846000,9,1,1501
846000,9,2,2188
846000,10,1,810
846000,10,2,336
849000,1,1,364
849000,1,2,2754
849000,2,1,545
849000,2,2,2488
849000,3,1,279
849000,3,2,1182
849000,4,1,824
849000,4,2,1530
849000,5,1,667
849000,5,2,1002
849000,6,1,2901
849000,6,2,8318
849000,7,1,1431
849000,7,2,4273
849000,8,1,1463
849000,8,2,3662
849000,9,1,1433
849000,9,2,2262
849000,10,1,713
849000,10,2,273
851000,1,1,2365
851000,1,2,15606
851000,2,1,3278
851000,2,2,11848
851000,3,1,1790
851000,3,2,5114
851000,4,1,15733
851000,4,2,12466
851000,5,1,10712
851000,5,2,11205
851000,6,1,21397
851000,6,2,44699
851000,7,1,8489
851000,7,2,17225
851000,8,1,6935
851000,8,2,13857
851000,9,1,6607
851000,9,2,8711
851000,10,1,3270
851000,10,2,1264
860000,1,1,694
860000,1,2,4205
860000,2,1,1027
860000,2,2,3755
860000,3,1,580
860000,3,2,1765
860000,4,1,1888
860000,4,2,2616
860000,5,1,1387
860000,5,2,1824
860000,6,1,5610
860000,6,2,12789
860000,7,1,2869
860000,7,2,6865
860000,8,1,2541
860000,8,2,5878
860000,9,1,2374
860000,9,2,3394
860000,10,1,1358
860000,10,2,579